Country,State,city,place,lastupdate,Avg,Max,Min
India,Andhra_Pradesh,Amaravati,"Secretariat, Amaravati - APPCB",21-12-2018 03:00,70,108,42
India,Andhra_Pradesh,Amaravati,"Secretariat, Amaravati - APPCB",21-12-2018 03:00,76,102,43
India,Andhra_Pradesh,Amaravati,"Secretariat, Amaravati - APPCB",21-12-2018 03:00,73,118,46
India,Andhra_Pradesh,Amaravati,"Secretariat, Amaravati - APPCB",21-12-2018 03:00,5,6,4
India,Andhra_Pradesh,Amaravati,"Secretariat, Amaravati - APPCB",21-12-2018 03:00,41,109,2
India,Andhra_Pradesh,Amaravati,"Secretariat, Amaravati - APPCB",21-12-2018 03:00,44,102,18
India,Andhra_Pradesh,Amaravati,"Secretariat, Amaravati - APPCB",21-12-2018 03:00,29,35,12
India,Andhra_Pradesh,Rajamahendravaram,"Anand Kala Kshetram, Rajamahendravaram - APPCB",21-12-2018 03:00,NA,NA,NA
India,Andhra_Pradesh,Rajamahendravaram,"Anand Kala Kshetram, Rajamahendravaram - APPCB",21-12-2018 03:00,NA,NA,NA
India,Andhra_Pradesh,Rajamahendravaram,"Anand Kala Kshetram, Rajamahendravaram - APPCB",21-12-2018 03:00,NA,NA,NA
India,Andhra_Pradesh,Rajamahendravaram,"Anand Kala Kshetram, Rajamahendravaram - APPCB",21-12-2018 03:00,NA,NA,NA
India,Andhra_Pradesh,Rajamahendravaram,"Anand Kala Kshetram, Rajamahendravaram - APPCB",21-12-2018 03:00,NA,NA,NA
India,Andhra_Pradesh,Rajamahendravaram,"Anand Kala Kshetram, Rajamahendravaram - APPCB",21-12-2018 03:00,30,103,2
India,Andhra_Pradesh,Rajamahendravaram,"Anand Kala Kshetram, Rajamahendravaram - APPCB",21-12-2018 03:00,108,130,51
India,Andhra_Pradesh,Tirupati,"Tirumala, Tirupati - APPCB",21-12-2018 03:00,46,72,28
India,Andhra_Pradesh,Tirupati,"Tirumala, Tirupati - APPCB",21-12-2018 03:00,64,83,40
India,Andhra_Pradesh,Tirupati,"Tirumala, Tirupati - APPCB",21-12-2018 03:00,61,89,36
India,Andhra_Pradesh,Tirupati,"Tirumala, Tirupati - APPCB",21-12-2018 03:00,2,3,2
India,Andhra_Pradesh,Tirupati,"Tirumala, Tirupati - APPCB",21-12-2018 03:00,10,12,6
India,Andhra_Pradesh,Tirupati,"Tirumala, Tirupati - APPCB",21-12-2018 03:00,16,25,6
India,Andhra_Pradesh,Tirupati,"Tirumala, Tirupati - APPCB",21-12-2018 03:00,36,58,27
India,Andhra_Pradesh,Vijayawada,"PWD Grounds, Vijayawada - APPCB",21-12-2018 03:00,46,73,32
India,Andhra_Pradesh,Vijayawada,"PWD Grounds, Vijayawada - APPCB",21-12-2018 03:00,65,74,50
India,Andhra_Pradesh,Vijayawada,"PWD Grounds, Vijayawada - APPCB",21-12-2018 03:00,15,18,13
India,Andhra_Pradesh,Vijayawada,"PWD Grounds, Vijayawada - APPCB",21-12-2018 03:00,2,3,2
India,Andhra_Pradesh,Vijayawada,"PWD Grounds, Vijayawada - APPCB",21-12-2018 03:00,14,23,11
India,Andhra_Pradesh,Vijayawada,"PWD Grounds, Vijayawada - APPCB",21-12-2018 03:00,41,78,34
India,Andhra_Pradesh,Visakhapatnam,"GVM Corporation, Visakhapatnam - APPCB",21-12-2018 03:00,71,96,53
India,Andhra_Pradesh,Visakhapatnam,"GVM Corporation, Visakhapatnam - APPCB",21-12-2018 03:00,76,101,54
India,Andhra_Pradesh,Visakhapatnam,"GVM Corporation, Visakhapatnam - APPCB",21-12-2018 03:00,39,81,13
India,Andhra_Pradesh,Visakhapatnam,"GVM Corporation, Visakhapatnam - APPCB",21-12-2018 03:00,3,4,2
India,Andhra_Pradesh,Visakhapatnam,"GVM Corporation, Visakhapatnam - APPCB",21-12-2018 03:00,6,13,2
India,Andhra_Pradesh,Visakhapatnam,"GVM Corporation, Visakhapatnam - APPCB",21-12-2018 03:00,68,81,39
India,Bihar,Gaya,"Collectorate, Gaya - BSPCB",21-12-2018 03:00,342,456,226
India,Bihar,Gaya,"Collectorate, Gaya - BSPCB",21-12-2018 03:00,12,15,10
India,Bihar,Gaya,"Collectorate, Gaya - BSPCB",21-12-2018 03:00,11,26,4
India,Bihar,Gaya,"Collectorate, Gaya - BSPCB",21-12-2018 03:00,54,115,7
India,Bihar,Gaya,"Collectorate, Gaya - BSPCB",21-12-2018 03:00,56,74,27
India,Bihar,Muzaffarpur,"Muzaffarpur Collectorate, Muzaffarpur - BSPCB",21-12-2018 03:00,436,500,270
India,Bihar,Muzaffarpur,"Muzaffarpur Collectorate, Muzaffarpur - BSPCB",21-12-2018 03:00,29,68,20
India,Bihar,Muzaffarpur,"Muzaffarpur Collectorate, Muzaffarpur - BSPCB",21-12-2018 03:00,29,98,12
India,Bihar,Muzaffarpur,"Muzaffarpur Collectorate, Muzaffarpur - BSPCB",21-12-2018 03:00,68,111,2
India,Bihar,Muzaffarpur,"Muzaffarpur Collectorate, Muzaffarpur - BSPCB",21-12-2018 03:00,61,132,32
India,Bihar,Patna,"IGSC Planetarium Complex, Patna - BSPCB",21-12-2018 03:00,457,500,325
India,Bihar,Patna,"IGSC Planetarium Complex, Patna - BSPCB",21-12-2018 03:00,15,22,11
India,Bihar,Patna,"IGSC Planetarium Complex, Patna - BSPCB",21-12-2018 03:00,34,47,20
India,Bihar,Patna,"IGSC Planetarium Complex, Patna - BSPCB",21-12-2018 03:00,95,148,71
India,Delhi,Delhi,"Alipur, Delhi - DPCC",21-12-2018 03:00,389,475,247
India,Delhi,Delhi,"Alipur, Delhi - DPCC",21-12-2018 03:00,314,446,154
India,Delhi,Delhi,"Alipur, Delhi - DPCC",21-12-2018 03:00,131,194,61
India,Delhi,Delhi,"Alipur, Delhi - DPCC",21-12-2018 03:00,10,15,6
India,Delhi,Delhi,"Alipur, Delhi - DPCC",21-12-2018 03:00,30,48,16
India,Delhi,Delhi,"Alipur, Delhi - DPCC",21-12-2018 03:00,56,109,25
India,Delhi,Delhi,"Alipur, Delhi - DPCC",21-12-2018 03:00,41,86,1
India,Delhi,Delhi,"Anand Vihar, Delhi - DPCC",21-12-2018 03:00,NA,NA,NA
India,Delhi,Delhi,"Anand Vihar, Delhi - DPCC",21-12-2018 03:00,NA,NA,NA
India,Delhi,Delhi,"Anand Vihar, Delhi - DPCC",21-12-2018 03:00,NA,NA,NA
India,Delhi,Delhi,"Anand Vihar, Delhi - DPCC",21-12-2018 03:00,NA,NA,NA
India,Delhi,Delhi,"Anand Vihar, Delhi - DPCC",21-12-2018 03:00,NA,NA,NA
India,Delhi,Delhi,"Anand Vihar, Delhi - DPCC",21-12-2018 03:00,89,175,68
India,Delhi,Delhi,"Anand Vihar, Delhi - DPCC",21-12-2018 03:00,20,29,11
India,Delhi,Delhi,"Ashok Vihar, Delhi - DPCC",21-12-2018 03:00,418,500,313
India,Delhi,Delhi,"Ashok Vihar, Delhi - DPCC",21-12-2018 03:00,333,455,194
India,Delhi,Delhi,"Ashok Vihar, Delhi - DPCC",21-12-2018 03:00,40,88,4
India,Delhi,Delhi,"Ashok Vihar, Delhi - DPCC",21-12-2018 03:00,10,12,8
India,Delhi,Delhi,"Ashok Vihar, Delhi - DPCC",21-12-2018 03:00,29,51,14
India,Delhi,Delhi,"Ashok Vihar, Delhi - DPCC",21-12-2018 03:00,86,120,55
India,Delhi,Delhi,"Ashok Vihar, Delhi - DPCC",21-12-2018 03:00,63,140,6
India,Delhi,Delhi,"Aya Nagar, Delhi - IMD",21-12-2018 03:00,329,430,153
India,Delhi,Delhi,"Aya Nagar, Delhi - IMD",21-12-2018 03:00,257,424,125
India,Delhi,Delhi,"Aya Nagar, Delhi - IMD",21-12-2018 03:00,25,29,13
India,Delhi,Delhi,"Aya Nagar, Delhi - IMD",21-12-2018 03:00,114,116,100
India,Delhi,Delhi,"Aya Nagar, Delhi - IMD",21-12-2018 03:00,45,88,32
India,Delhi,Delhi,"Bawana, Delhi - DPCC",21-12-2018 03:00,311,365,203
India,Delhi,Delhi,"Bawana, Delhi - DPCC",21-12-2018 03:00,345,454,199
India,Delhi,Delhi,"Bawana, Delhi - DPCC",21-12-2018 03:00,64,115,18
India,Delhi,Delhi,"Bawana, Delhi - DPCC",21-12-2018 03:00,17,21,13
India,Delhi,Delhi,"Bawana, Delhi - DPCC",21-12-2018 03:00,21,32,9
India,Delhi,Delhi,"Bawana, Delhi - DPCC",21-12-2018 03:00,65,107,35
India,Delhi,Delhi,"Bawana, Delhi - DPCC",21-12-2018 03:00,56,145,2
India,Delhi,Delhi,"Burari Crossing, Delhi - IMD",21-12-2018 03:00,388,500,226
India,Delhi,Delhi,"Burari Crossing, Delhi - IMD",21-12-2018 03:00,317,500,150
India,Delhi,Delhi,"Burari Crossing, Delhi - IMD",21-12-2018 03:00,28,38,21
India,Delhi,Delhi,"Burari Crossing, Delhi - IMD",21-12-2018 03:00,106,110,71
India,Delhi,Delhi,"Burari Crossing, Delhi - IMD",21-12-2018 03:00,27,40,24
India,Delhi,Delhi,"CRRI Mathura Road, Delhi - IMD",21-12-2018 03:00,385,500,185
India,Delhi,Delhi,"CRRI Mathura Road, Delhi - IMD",21-12-2018 03:00,360,497,159
India,Delhi,Delhi,"CRRI Mathura Road, Delhi - IMD",21-12-2018 03:00,85,117,61
India,Delhi,Delhi,"CRRI Mathura Road, Delhi - IMD",21-12-2018 03:00,84,169,51
India,Delhi,Delhi,"CRRI Mathura Road, Delhi - IMD",21-12-2018 03:00,41,42,41
India,Delhi,Delhi,"DTU, Delhi - CPCB",21-12-2018 03:00,401,500,234
India,Delhi,Delhi,"DTU, Delhi - CPCB",21-12-2018 03:00,350,500,172
India,Delhi,Delhi,"DTU, Delhi - CPCB",21-12-2018 03:00,64,83,49
India,Delhi,Delhi,"DTU, Delhi - CPCB",21-12-2018 03:00,6,7,5
India,Delhi,Delhi,"DTU, Delhi - CPCB",21-12-2018 03:00,15,31,8
India,Delhi,Delhi,"DTU, Delhi - CPCB",21-12-2018 03:00,80,127,48
India,Delhi,Delhi,"DTU, Delhi - CPCB",21-12-2018 03:00,72,114,48
India,Delhi,Delhi,"Dr. Karni Singh Shooting Range, Delhi - DPCC",21-12-2018 03:00,361,436,187
India,Delhi,Delhi,"Dr. Karni Singh Shooting Range, Delhi - DPCC",21-12-2018 03:00,278,413,129
India,Delhi,Delhi,"Dr. Karni Singh Shooting Range, Delhi - DPCC",21-12-2018 03:00,93,147,38
India,Delhi,Delhi,"Dr. Karni Singh Shooting Range, Delhi - DPCC",21-12-2018 03:00,11,15,7
India,Delhi,Delhi,"Dr. Karni Singh Shooting Range, Delhi - DPCC",21-12-2018 03:00,25,55,13
India,Delhi,Delhi,"Dr. Karni Singh Shooting Range, Delhi - DPCC",21-12-2018 03:00,51,128,20
India,Delhi,Delhi,"Dr. Karni Singh Shooting Range, Delhi - DPCC",21-12-2018 03:00,150,150,1
India,Delhi,Delhi,"Dwarka-Sector 8, Delhi - DPCC",21-12-2018 03:00,228,346,78
India,Delhi,Delhi,"Dwarka-Sector 8, Delhi - DPCC",21-12-2018 03:00,383,500,187
India,Delhi,Delhi,"Dwarka-Sector 8, Delhi - DPCC",21-12-2018 03:00,59,94,33
India,Delhi,Delhi,"Dwarka-Sector 8, Delhi - DPCC",21-12-2018 03:00,12,16,9
India,Delhi,Delhi,"Dwarka-Sector 8, Delhi - DPCC",21-12-2018 03:00,25,31,16
India,Delhi,Delhi,"Dwarka-Sector 8, Delhi - DPCC",21-12-2018 03:00,75,183,40
India,Delhi,Delhi,"Dwarka-Sector 8, Delhi - DPCC",21-12-2018 03:00,36,84,2
India,Delhi,Delhi,"IGI Airport (T3), Delhi - IMD",21-12-2018 03:00,356,480,182
India,Delhi,Delhi,"IGI Airport (T3), Delhi - IMD",21-12-2018 03:00,304,481,140
India,Delhi,Delhi,"IGI Airport (T3), Delhi - IMD",21-12-2018 03:00,50,94,25
India,Delhi,Delhi,"IGI Airport (T3), Delhi - IMD",21-12-2018 03:00,7,21,1
India,Delhi,Delhi,"IGI Airport (T3), Delhi - IMD",21-12-2018 03:00,8,22,1
India,Delhi,Delhi,"IHBAS, Dilshad Garden, Delhi - CPCB",21-12-2018 03:00,323,430,32
India,Delhi,Delhi,"IHBAS, Dilshad Garden, Delhi - CPCB",21-12-2018 03:00,93,146,41
India,Delhi,Delhi,"IHBAS, Dilshad Garden, Delhi - CPCB",21-12-2018 03:00,14,23,11
India,Delhi,Delhi,"IHBAS, Dilshad Garden, Delhi - CPCB",21-12-2018 03:00,22,38,6
India,Delhi,Delhi,"IHBAS, Dilshad Garden, Delhi - CPCB",21-12-2018 03:00,52,114,12
India,Delhi,Delhi,"ITO, Delhi - CPCB",21-12-2018 03:00,396,480,306
India,Delhi,Delhi,"ITO, Delhi - CPCB",21-12-2018 03:00,272,420,164
India,Delhi,Delhi,"ITO, Delhi - CPCB",21-12-2018 03:00,47,76,31
India,Delhi,Delhi,"ITO, Delhi - CPCB",21-12-2018 03:00,12,30,2
India,Delhi,Delhi,"ITO, Delhi - CPCB",21-12-2018 03:00,10,14,8
India,Delhi,Delhi,"ITO, Delhi - CPCB",21-12-2018 03:00,88,157,58
India,Delhi,Delhi,"ITO, Delhi - CPCB",21-12-2018 03:00,15,31,4
India,Delhi,Delhi,"Jahangirpuri, Delhi - DPCC",21-12-2018 03:00,426,500,325
India,Delhi,Delhi,"Jahangirpuri, Delhi - DPCC",21-12-2018 03:00,397,500,265
India,Delhi,Delhi,"Jahangirpuri, Delhi - DPCC",21-12-2018 03:00,76,102,50
India,Delhi,Delhi,"Jahangirpuri, Delhi - DPCC",21-12-2018 03:00,19,26,12
India,Delhi,Delhi,"Jahangirpuri, Delhi - DPCC",21-12-2018 03:00,33,52,22
India,Delhi,Delhi,"Jahangirpuri, Delhi - DPCC",21-12-2018 03:00,97,170,65
India,Delhi,Delhi,"Jahangirpuri, Delhi - DPCC",21-12-2018 03:00,36,82,4
India,Delhi,Delhi,"Jawaharlal Nehru Stadium, Delhi - DPCC",21-12-2018 03:00,411,500,267
India,Delhi,Delhi,"Jawaharlal Nehru Stadium, Delhi - DPCC",21-12-2018 03:00,374,464,181
India,Delhi,Delhi,"Jawaharlal Nehru Stadium, Delhi - DPCC",21-12-2018 03:00,101,157,37
India,Delhi,Delhi,"Jawaharlal Nehru Stadium, Delhi - DPCC",21-12-2018 03:00,17,20,12
India,Delhi,Delhi,"Jawaharlal Nehru Stadium, Delhi - DPCC",21-12-2018 03:00,30,60,17
India,Delhi,Delhi,"Jawaharlal Nehru Stadium, Delhi - DPCC",21-12-2018 03:00,35,148,7
India,Delhi,Delhi,"Jawaharlal Nehru Stadium, Delhi - DPCC",21-12-2018 03:00,40,111,1
India,Delhi,Delhi,"Lodhi Road, Delhi - IMD",21-12-2018 03:00,329,437,194
India,Delhi,Delhi,"Lodhi Road, Delhi - IMD",21-12-2018 03:00,274,428,150
India,Delhi,Delhi,"Lodhi Road, Delhi - IMD",21-12-2018 03:00,50,74,31
India,Delhi,Delhi,"Lodhi Road, Delhi - IMD",21-12-2018 03:00,24,112,12
India,Delhi,Delhi,"Lodhi Road, Delhi - IMD",21-12-2018 03:00,31,63,14
India,Delhi,Delhi,"Major Dhyan Chand National Stadium, Delhi - DPCC",21-12-2018 03:00,383,450,227
India,Delhi,Delhi,"Major Dhyan Chand National Stadium, Delhi - DPCC",21-12-2018 03:00,361,476,181
India,Delhi,Delhi,"Major Dhyan Chand National Stadium, Delhi - DPCC",21-12-2018 03:00,110,171,56
India,Delhi,Delhi,"Major Dhyan Chand National Stadium, Delhi - DPCC",21-12-2018 03:00,10,12,8
India,Delhi,Delhi,"Major Dhyan Chand National Stadium, Delhi - DPCC",21-12-2018 03:00,18,57,6
India,Delhi,Delhi,"Major Dhyan Chand National Stadium, Delhi - DPCC",21-12-2018 03:00,77,161,48
India,Delhi,Delhi,"Major Dhyan Chand National Stadium, Delhi - DPCC",21-12-2018 03:00,30,79,1
India,Delhi,Delhi,"Mandir Marg, Delhi - DPCC",21-12-2018 03:00,379,438,251
India,Delhi,Delhi,"Mandir Marg, Delhi - DPCC",21-12-2018 03:00,235,311,150
India,Delhi,Delhi,"Mandir Marg, Delhi - DPCC",21-12-2018 03:00,187,305,20
India,Delhi,Delhi,"Mandir Marg, Delhi - DPCC",21-12-2018 03:00,10,16,6
India,Delhi,Delhi,"Mandir Marg, Delhi - DPCC",21-12-2018 03:00,4,7,1
India,Delhi,Delhi,"Mandir Marg, Delhi - DPCC",21-12-2018 03:00,70,129,28
India,Delhi,Delhi,"Mandir Marg, Delhi - DPCC",21-12-2018 03:00,28,44,10
India,Delhi,Delhi,"Mundka, Delhi - DPCC",21-12-2018 03:00,433,500,327
India,Delhi,Delhi,"Mundka, Delhi - DPCC",21-12-2018 03:00,414,500,274
India,Delhi,Delhi,"Mundka, Delhi - DPCC",21-12-2018 03:00,74,117,33
India,Delhi,Delhi,"Mundka, Delhi - DPCC",21-12-2018 03:00,16,19,12
India,Delhi,Delhi,"Mundka, Delhi - DPCC",21-12-2018 03:00,34,43,24
India,Delhi,Delhi,"Mundka, Delhi - DPCC",21-12-2018 03:00,79,128,55
India,Delhi,Delhi,"Mundka, Delhi - DPCC",21-12-2018 03:00,41,102,6
India,Delhi,Delhi,"NSIT Dwarka, Delhi - CPCB",21-12-2018 03:00,358,500,106
India,Delhi,Delhi,"NSIT Dwarka, Delhi - CPCB",21-12-2018 03:00,46,89,21
India,Delhi,Delhi,"NSIT Dwarka, Delhi - CPCB",21-12-2018 03:00,17,46,2
India,Delhi,Delhi,"NSIT Dwarka, Delhi - CPCB",21-12-2018 03:00,28,143,11
India,Delhi,Delhi,"NSIT Dwarka, Delhi - CPCB",21-12-2018 03:00,26,84,3
India,Delhi,Delhi,"Najafgarh, Delhi - DPCC",21-12-2018 03:00,336,407,260
India,Delhi,Delhi,"Najafgarh, Delhi - DPCC",21-12-2018 03:00,201,342,158
India,Delhi,Delhi,"Najafgarh, Delhi - DPCC",21-12-2018 03:00,76,105,45
India,Delhi,Delhi,"Najafgarh, Delhi - DPCC",21-12-2018 03:00,11,14,8
India,Delhi,Delhi,"Najafgarh, Delhi - DPCC",21-12-2018 03:00,6,14,1
India,Delhi,Delhi,"Najafgarh, Delhi - DPCC",21-12-2018 03:00,55,75,34
India,Delhi,Delhi,"Najafgarh, Delhi - DPCC",21-12-2018 03:00,50,127,1
India,Delhi,Delhi,"Narela, Delhi - DPCC",21-12-2018 03:00,392,483,275
India,Delhi,Delhi,"Narela, Delhi - DPCC",21-12-2018 03:00,307,445,189
India,Delhi,Delhi,"Narela, Delhi - DPCC",21-12-2018 03:00,53,121,12
India,Delhi,Delhi,"Narela, Delhi - DPCC",21-12-2018 03:00,18,19,15
India,Delhi,Delhi,"Narela, Delhi - DPCC",21-12-2018 03:00,8,16,2
India,Delhi,Delhi,"Narela, Delhi - DPCC",21-12-2018 03:00,64,121,35
India,Delhi,Delhi,"Narela, Delhi - DPCC",21-12-2018 03:00,50,94,2
India,Delhi,Delhi,"Nehru Nagar, Delhi - DPCC",21-12-2018 03:00,439,500,318
India,Delhi,Delhi,"Nehru Nagar, Delhi - DPCC",21-12-2018 03:00,378,500,183
India,Delhi,Delhi,"Nehru Nagar, Delhi - DPCC",21-12-2018 03:00,102,173,59
India,Delhi,Delhi,"Nehru Nagar, Delhi - DPCC",21-12-2018 03:00,17,24,11
India,Delhi,Delhi,"Nehru Nagar, Delhi - DPCC",21-12-2018 03:00,38,65,20
India,Delhi,Delhi,"Nehru Nagar, Delhi - DPCC",21-12-2018 03:00,80,198,53
India,Delhi,Delhi,"Nehru Nagar, Delhi - DPCC",21-12-2018 03:00,41,118,1
India,Delhi,Delhi,"North Campus, DU, Delhi - IMD",21-12-2018 03:00,349,442,157
India,Delhi,Delhi,"North Campus, DU, Delhi - IMD",21-12-2018 03:00,414,493,273
India,Delhi,Delhi,"North Campus, DU, Delhi - IMD",21-12-2018 03:00,65,121,27
India,Delhi,Delhi,"North Campus, DU, Delhi - IMD",21-12-2018 03:00,84,139,7
India,Delhi,Delhi,"North Campus, DU, Delhi - IMD",21-12-2018 03:00,32,42,22
India,Delhi,Delhi,"Okhla Phase-2, Delhi - DPCC",21-12-2018 03:00,380,457,207
India,Delhi,Delhi,"Okhla Phase-2, Delhi - DPCC",21-12-2018 03:00,361,460,167
India,Delhi,Delhi,"Okhla Phase-2, Delhi - DPCC",21-12-2018 03:00,85,109,62
India,Delhi,Delhi,"Okhla Phase-2, Delhi - DPCC",21-12-2018 03:00,21,28,15
India,Delhi,Delhi,"Okhla Phase-2, Delhi - DPCC",21-12-2018 03:00,16,29,8
India,Delhi,Delhi,"Okhla Phase-2, Delhi - DPCC",21-12-2018 03:00,71,146,50
India,Delhi,Delhi,"Okhla Phase-2, Delhi - DPCC",21-12-2018 03:00,20,43,4
India,Delhi,Delhi,"Patparganj, Delhi - DPCC",21-12-2018 03:00,393,449,308
India,Delhi,Delhi,"Patparganj, Delhi - DPCC",21-12-2018 03:00,308,422,206
India,Delhi,Delhi,"Patparganj, Delhi - DPCC",21-12-2018 03:00,34,42,28
India,Delhi,Delhi,"Patparganj, Delhi - DPCC",21-12-2018 03:00,22,29,16
India,Delhi,Delhi,"Patparganj, Delhi - DPCC",21-12-2018 03:00,6,11,4
India,Delhi,Delhi,"Patparganj, Delhi - DPCC",21-12-2018 03:00,58,126,40
India,Delhi,Delhi,"Patparganj, Delhi - DPCC",21-12-2018 03:00,20,54,1
India,Delhi,Delhi,"Punjabi Bagh, Delhi - DPCC",21-12-2018 03:00,395,459,278
India,Delhi,Delhi,"Punjabi Bagh, Delhi - DPCC",21-12-2018 03:00,320,434,185
India,Delhi,Delhi,"Punjabi Bagh, Delhi - DPCC",21-12-2018 03:00,119,203,75
India,Delhi,Delhi,"Punjabi Bagh, Delhi - DPCC",21-12-2018 03:00,21,25,16
India,Delhi,Delhi,"Punjabi Bagh, Delhi - DPCC",21-12-2018 03:00,NA,NA,NA
India,Delhi,Delhi,"Punjabi Bagh, Delhi - DPCC",21-12-2018 03:00,65,143,32
India,Delhi,Delhi,"Punjabi Bagh, Delhi - DPCC",21-12-2018 03:00,38,95,6
India,Delhi,Delhi,"Pusa, Delhi - DPCC",21-12-2018 03:00,410,475,332
India,Delhi,Delhi,"Pusa, Delhi - DPCC",21-12-2018 03:00,381,480,274
India,Delhi,Delhi,"Pusa, Delhi - DPCC",21-12-2018 03:00,114,191,55
India,Delhi,Delhi,"Pusa, Delhi - DPCC",21-12-2018 03:00,14,18,11
India,Delhi,Delhi,"Pusa, Delhi - DPCC",21-12-2018 03:00,16,28,6
India,Delhi,Delhi,"Pusa, Delhi - DPCC",21-12-2018 03:00,108,141,91
India,Delhi,Delhi,"Pusa, Delhi - DPCC",21-12-2018 03:00,18,42,1
India,Delhi,Delhi,"Pusa, Delhi - IMD",21-12-2018 03:00,354,430,250
India,Delhi,Delhi,"Pusa, Delhi - IMD",21-12-2018 03:00,269,417,157
India,Delhi,Delhi,"Pusa, Delhi - IMD",21-12-2018 03:00,60,108,34
India,Delhi,Delhi,"Pusa, Delhi - IMD",21-12-2018 03:00,31,85,21
India,Delhi,Delhi,"Pusa, Delhi - IMD",21-12-2018 03:00,25,39,15
India,Delhi,Delhi,"R K Puram, Delhi - DPCC",21-12-2018 03:00,408,493,305
India,Delhi,Delhi,"R K Puram, Delhi - DPCC",21-12-2018 03:00,364,493,173
India,Delhi,Delhi,"R K Puram, Delhi - DPCC",21-12-2018 03:00,126,174,60
India,Delhi,Delhi,"R K Puram, Delhi - DPCC",21-12-2018 03:00,10,13,7
India,Delhi,Delhi,"R K Puram, Delhi - DPCC",21-12-2018 03:00,24,41,8
India,Delhi,Delhi,"R K Puram, Delhi - DPCC",21-12-2018 03:00,47,182,10
India,Delhi,Delhi,"R K Puram, Delhi - DPCC",21-12-2018 03:00,185,185,51
India,Delhi,Delhi,"Rohini, Delhi - DPCC",21-12-2018 03:00,421,500,311
India,Delhi,Delhi,"Rohini, Delhi - DPCC",21-12-2018 03:00,372,500,187
India,Delhi,Delhi,"Rohini, Delhi - DPCC",21-12-2018 03:00,82,178,19
India,Delhi,Delhi,"Rohini, Delhi - DPCC",21-12-2018 03:00,19,23,12
India,Delhi,Delhi,"Rohini, Delhi - DPCC",21-12-2018 03:00,28,39,13
India,Delhi,Delhi,"Rohini, Delhi - DPCC",21-12-2018 03:00,64,146,27
India,Delhi,Delhi,"Rohini, Delhi - DPCC",21-12-2018 03:00,50,119,2
India,Delhi,Delhi,"Shadipur, Delhi - CPCB",21-12-2018 03:00,393,456,302
India,Delhi,Delhi,"Shadipur, Delhi - CPCB",21-12-2018 03:00,81,154,22
India,Delhi,Delhi,"Shadipur, Delhi - CPCB",21-12-2018 03:00,12,21,7
India,Delhi,Delhi,"Shadipur, Delhi - CPCB",21-12-2018 03:00,79,196,9
India,Delhi,Delhi,"Shadipur, Delhi - CPCB",21-12-2018 03:00,28,60,7
India,Delhi,Delhi,"Sirifort, Delhi - CPCB",21-12-2018 03:00,361,428,244
India,Delhi,Delhi,"Sirifort, Delhi - CPCB",21-12-2018 03:00,392,500,264
India,Delhi,Delhi,"Sirifort, Delhi - CPCB",21-12-2018 03:00,69,125,43
India,Delhi,Delhi,"Sirifort, Delhi - CPCB",21-12-2018 03:00,6,12,3
India,Delhi,Delhi,"Sirifort, Delhi - CPCB",21-12-2018 03:00,25,30,23
India,Delhi,Delhi,"Sirifort, Delhi - CPCB",21-12-2018 03:00,42,164,19
India,Delhi,Delhi,"Sirifort, Delhi - CPCB",21-12-2018 03:00,37,47,28
India,Delhi,Delhi,"Sonia Vihar, Delhi - DPCC",21-12-2018 03:00,401,498,307
India,Delhi,Delhi,"Sonia Vihar, Delhi - DPCC",21-12-2018 03:00,305,436,164
India,Delhi,Delhi,"Sonia Vihar, Delhi - DPCC",21-12-2018 03:00,82,148,42
India,Delhi,Delhi,"Sonia Vihar, Delhi - DPCC",21-12-2018 03:00,11,13,9
India,Delhi,Delhi,"Sonia Vihar, Delhi - DPCC",21-12-2018 03:00,14,25,7
India,Delhi,Delhi,"Sonia Vihar, Delhi - DPCC",21-12-2018 03:00,103,188,71
India,Delhi,Delhi,"Sonia Vihar, Delhi - DPCC",21-12-2018 03:00,48,113,7
India,Delhi,Delhi,"Sri Aurobindo Marg, Delhi - DPCC",21-12-2018 03:00,359,429,257
India,Delhi,Delhi,"Sri Aurobindo Marg, Delhi - DPCC",21-12-2018 03:00,247,371,147
India,Delhi,Delhi,"Sri Aurobindo Marg, Delhi - DPCC",21-12-2018 03:00,50,69,30
India,Delhi,Delhi,"Sri Aurobindo Marg, Delhi - DPCC",21-12-2018 03:00,8,17,3
India,Delhi,Delhi,"Sri Aurobindo Marg, Delhi - DPCC",21-12-2018 03:00,13,23,6
India,Delhi,Delhi,"Sri Aurobindo Marg, Delhi - DPCC",21-12-2018 03:00,58,108,32
India,Delhi,Delhi,"Sri Aurobindo Marg, Delhi - DPCC",21-12-2018 03:00,49,80,8
India,Delhi,Delhi,"Vivek Vihar, Delhi - DPCC",21-12-2018 03:00,390,449,332
India,Delhi,Delhi,"Vivek Vihar, Delhi - DPCC",21-12-2018 03:00,339,455,223
India,Delhi,Delhi,"Vivek Vihar, Delhi - DPCC",21-12-2018 03:00,72,91,52
India,Delhi,Delhi,"Vivek Vihar, Delhi - DPCC",21-12-2018 03:00,14,17,10
India,Delhi,Delhi,"Vivek Vihar, Delhi - DPCC",21-12-2018 03:00,15,24,7
India,Delhi,Delhi,"Vivek Vihar, Delhi - DPCC",21-12-2018 03:00,69,128,50
India,Delhi,Delhi,"Vivek Vihar, Delhi - DPCC",21-12-2018 03:00,52,144,3
India,Delhi,Delhi,"Wazirpur, Delhi - DPCC",21-12-2018 03:00,431,500,317
India,Delhi,Delhi,"Wazirpur, Delhi - DPCC",21-12-2018 03:00,413,500,229
India,Delhi,Delhi,"Wazirpur, Delhi - DPCC",21-12-2018 03:00,101,144,72
India,Delhi,Delhi,"Wazirpur, Delhi - DPCC",21-12-2018 03:00,19,22,15
India,Delhi,Delhi,"Wazirpur, Delhi - DPCC",21-12-2018 03:00,26,34,17
India,Delhi,Delhi,"Wazirpur, Delhi - DPCC",21-12-2018 03:00,95,112,65
India,Delhi,Delhi,"Wazirpur, Delhi - DPCC",21-12-2018 03:00,35,78,3
India,Gujarat,Ahmedabad,"Maninagar, Ahmedabad - GPCB",21-12-2018 03:00,223,337,99
India,Gujarat,Ahmedabad,"Maninagar, Ahmedabad - GPCB",21-12-2018 03:00,95,188,37
India,Gujarat,Ahmedabad,"Maninagar, Ahmedabad - GPCB",21-12-2018 03:00,84,122,38
India,Gujarat,Ahmedabad,"Maninagar, Ahmedabad - GPCB",21-12-2018 03:00,24,46,16
India,Gujarat,Ahmedabad,"Maninagar, Ahmedabad - GPCB",21-12-2018 03:00,NA,NA,NA
India,Haryana,Faridabad,"Sector- 16A, Faridabad, Haryana - HSPCB",21-12-2018 03:00,377,465,227
India,Haryana,Faridabad,"Sector- 16A, Faridabad, Haryana - HSPCB",21-12-2018 03:00,114,181,38
India,Haryana,Faridabad,"Sector- 16A, Faridabad, Haryana - HSPCB",21-12-2018 03:00,22,37,14
India,Haryana,Faridabad,"Sector- 16A, Faridabad, Haryana - HSPCB",21-12-2018 03:00,69,123,28
India,Haryana,Faridabad,"Sector- 16A, Faridabad, Haryana - HSPCB",21-12-2018 03:00,53,88,1
India,Haryana,Gurugram,"NISE Gwal Pahari, Gurugram - IMD",21-12-2018 03:00,NA,NA,NA
India,Haryana,Gurugram,"NISE Gwal Pahari, Gurugram - IMD",21-12-2018 03:00,NA,NA,NA
India,Haryana,Gurugram,"NISE Gwal Pahari, Gurugram - IMD",21-12-2018 03:00,NA,NA,NA
India,Haryana,Gurugram,"NISE Gwal Pahari, Gurugram - IMD",21-12-2018 03:00,NA,NA,NA
India,Haryana,Gurugram,"NISE Gwal Pahari, Gurugram - IMD",21-12-2018 03:00,NA,NA,NA
India,Haryana,Gurugram,"Vikas Sadan, Gurugram, Haryana - HSPCB",21-12-2018 03:00,229,312,134
India,Haryana,Gurugram,"Vikas Sadan, Gurugram, Haryana - HSPCB",21-12-2018 03:00,131,249,33
India,Haryana,Gurugram,"Vikas Sadan, Gurugram, Haryana - HSPCB",21-12-2018 03:00,16,34,2
India,Haryana,Gurugram,"Vikas Sadan, Gurugram, Haryana - HSPCB",21-12-2018 03:00,20,88,3
India,Haryana,Gurugram,"Vikas Sadan, Gurugram, Haryana - HSPCB",21-12-2018 03:00,48,98,9
India,Haryana,Manesar,"Sector-2 IMT, Manesar - HSPCB",21-12-2018 03:00,265,451,78
India,Haryana,Manesar,"Sector-2 IMT, Manesar - HSPCB",21-12-2018 03:00,207,500,81
India,Haryana,Manesar,"Sector-2 IMT, Manesar - HSPCB",21-12-2018 03:00,25,42,11
India,Haryana,Manesar,"Sector-2 IMT, Manesar - HSPCB",21-12-2018 03:00,6,11,2
India,Haryana,Manesar,"Sector-2 IMT, Manesar - HSPCB",21-12-2018 03:00,2,3,1
India,Haryana,Manesar,"Sector-2 IMT, Manesar - HSPCB",21-12-2018 03:00,26,123,13
India,Haryana,Manesar,"Sector-2 IMT, Manesar - HSPCB",21-12-2018 03:00,30,55,1
India,Haryana,Panchkula,"Sector-6, Panchkula - HSPCB",21-12-2018 03:00,149,306,30
India,Haryana,Panchkula,"Sector-6, Panchkula - HSPCB",21-12-2018 03:00,28,36,22
India,Haryana,Panchkula,"Sector-6, Panchkula - HSPCB",21-12-2018 03:00,7,16,2
India,Haryana,Panchkula,"Sector-6, Panchkula - HSPCB",21-12-2018 03:00,34,62,16
India,Haryana,Panchkula,"Sector-6, Panchkula - HSPCB",21-12-2018 03:00,35,65,20
India,Haryana,Rohtak,"MD University, Rohtak, Haryana - HSPCB",21-12-2018 03:00,121,216,40
India,Haryana,Rohtak,"MD University, Rohtak, Haryana - HSPCB",21-12-2018 03:00,11,13,8
India,Haryana,Rohtak,"MD University, Rohtak, Haryana - HSPCB",21-12-2018 03:00,52,112,3
India,Haryana,Rohtak,"MD University, Rohtak, Haryana - HSPCB",21-12-2018 03:00,20,34,4
India,Jharkhand,Jorapokhar,"Tata Stadium, Jorapokhar - JSPCB",21-12-2018 03:00,321,500,193
India,Jharkhand,Jorapokhar,"Tata Stadium, Jorapokhar - JSPCB",21-12-2018 03:00,10,11,8
India,Jharkhand,Jorapokhar,"Tata Stadium, Jorapokhar - JSPCB",21-12-2018 03:00,2,2,2
India,Jharkhand,Jorapokhar,"Tata Stadium, Jorapokhar - JSPCB",21-12-2018 03:00,61,125,5
India,Jharkhand,Jorapokhar,"Tata Stadium, Jorapokhar - JSPCB",21-12-2018 03:00,26,43,3
India,Karnataka,Bengaluru,"BTM Layout, Bengaluru - CPCB",21-12-2018 03:00,130,260,6
India,Karnataka,Bengaluru,"BTM Layout, Bengaluru - CPCB",21-12-2018 03:00,22,36,11
India,Karnataka,Bengaluru,"BTM Layout, Bengaluru - CPCB",21-12-2018 03:00,17,20,14
India,Karnataka,Bengaluru,"BTM Layout, Bengaluru - CPCB",21-12-2018 03:00,37,80,7
India,Karnataka,Bengaluru,"BTM Layout, Bengaluru - CPCB",21-12-2018 03:00,67,114,43
India,Karnataka,Bengaluru,"Bapuji Nagar, Bengaluru - KSPCB",21-12-2018 03:00,93,132,70
India,Karnataka,Bengaluru,"Bapuji Nagar, Bengaluru - KSPCB",21-12-2018 03:00,98,131,65
India,Karnataka,Bengaluru,"Bapuji Nagar, Bengaluru - KSPCB",21-12-2018 03:00,79,121,42
India,Karnataka,Bengaluru,"Bapuji Nagar, Bengaluru - KSPCB",21-12-2018 03:00,4,4,3
India,Karnataka,Bengaluru,"Bapuji Nagar, Bengaluru - KSPCB",21-12-2018 03:00,8,12,5
India,Karnataka,Bengaluru,"Bapuji Nagar, Bengaluru - KSPCB",21-12-2018 03:00,266,266,13
India,Karnataka,Bengaluru,"City Railway Station, Bengaluru - KSPCB",21-12-2018 03:00,105,153,60
India,Karnataka,Bengaluru,"City Railway Station, Bengaluru - KSPCB",21-12-2018 03:00,47,96,14
India,Karnataka,Bengaluru,"City Railway Station, Bengaluru - KSPCB",21-12-2018 03:00,9,13,5
India,Karnataka,Bengaluru,"City Railway Station, Bengaluru - KSPCB",21-12-2018 03:00,69,81,58
India,Karnataka,Bengaluru,"Hebbal, Bengaluru - KSPCB",21-12-2018 03:00,NA,NA,NA
India,Karnataka,Bengaluru,"Hebbal, Bengaluru - KSPCB",21-12-2018 03:00,NA,NA,NA
India,Karnataka,Bengaluru,"Hebbal, Bengaluru - KSPCB",21-12-2018 03:00,NA,NA,NA
India,Karnataka,Bengaluru,"Hebbal, Bengaluru - KSPCB",21-12-2018 03:00,NA,NA,NA
India,Karnataka,Bengaluru,"Hebbal, Bengaluru - KSPCB",21-12-2018 03:00,NA,NA,NA
India,Karnataka,Bengaluru,"Hebbal, Bengaluru - KSPCB",21-12-2018 03:00,34,35,32
India,Karnataka,Bengaluru,"Hebbal, Bengaluru - KSPCB",21-12-2018 03:00,46,48,43
India,Karnataka,Bengaluru,"Hombegowda Nagar, Bengaluru - KSPCB",21-12-2018 03:00,67,92,54
India,Karnataka,Bengaluru,"Hombegowda Nagar, Bengaluru - KSPCB",21-12-2018 03:00,82,123,54
India,Karnataka,Bengaluru,"Hombegowda Nagar, Bengaluru - KSPCB",21-12-2018 03:00,30,83,10
India,Karnataka,Bengaluru,"Hombegowda Nagar, Bengaluru - KSPCB",21-12-2018 03:00,2,3,2
India,Karnataka,Bengaluru,"Hombegowda Nagar, Bengaluru - KSPCB",21-12-2018 03:00,4,5,2
India,Karnataka,Bengaluru,"Hombegowda Nagar, Bengaluru - KSPCB",21-12-2018 03:00,31,63,17
India,Karnataka,Bengaluru,"Hombegowda Nagar, Bengaluru - KSPCB",21-12-2018 03:00,195,195,37
India,Karnataka,Bengaluru,"Jayanagar 5th Block, Bengaluru - KSPCB",21-12-2018 03:00,107,210,73
India,Karnataka,Bengaluru,"Jayanagar 5th Block, Bengaluru - KSPCB",21-12-2018 03:00,185,332,72
India,Karnataka,Bengaluru,"Jayanagar 5th Block, Bengaluru - KSPCB",21-12-2018 03:00,80,151,20
India,Karnataka,Bengaluru,"Jayanagar 5th Block, Bengaluru - KSPCB",21-12-2018 03:00,3,4,2
India,Karnataka,Bengaluru,"Jayanagar 5th Block, Bengaluru - KSPCB",21-12-2018 03:00,4,5,2
India,Karnataka,Bengaluru,"Jayanagar 5th Block, Bengaluru - KSPCB",21-12-2018 03:00,72,122,14
India,Karnataka,Bengaluru,"Jayanagar 5th Block, Bengaluru - KSPCB",21-12-2018 03:00,85,114,7
India,Karnataka,Bengaluru,"Peenya, Bengaluru - CPCB",21-12-2018 03:00,66,139,35
India,Karnataka,Bengaluru,"Peenya, Bengaluru - CPCB",21-12-2018 03:00,40,76,28
India,Karnataka,Bengaluru,"Peenya, Bengaluru - CPCB",21-12-2018 03:00,10,17,7
India,Karnataka,Bengaluru,"Peenya, Bengaluru - CPCB",21-12-2018 03:00,15,77,2
India,Karnataka,Bengaluru,"Peenya, Bengaluru - CPCB",21-12-2018 03:00,41,74,25
India,Karnataka,Bengaluru,"Sanegurava Halli, Bengaluru - KSPCB",21-12-2018 03:00,46,57,37
India,Karnataka,Bengaluru,"Sanegurava Halli, Bengaluru - KSPCB",21-12-2018 03:00,35,92,10
India,Karnataka,Bengaluru,"Sanegurava Halli, Bengaluru - KSPCB",21-12-2018 03:00,1,2,1
India,Karnataka,Bengaluru,"Sanegurava Halli, Bengaluru - KSPCB",21-12-2018 03:00,32,63,20
India,Karnataka,Bengaluru,"Silk Board, Bengaluru - KSPCB",21-12-2018 03:00,67,90,50
India,Karnataka,Bengaluru,"Silk Board, Bengaluru - KSPCB",21-12-2018 03:00,82,118,55
India,Karnataka,Bengaluru,"Silk Board, Bengaluru - KSPCB",21-12-2018 03:00,34,60,18
India,Karnataka,Bengaluru,"Silk Board, Bengaluru - KSPCB",21-12-2018 03:00,6,7,5
India,Karnataka,Bengaluru,"Silk Board, Bengaluru - KSPCB",21-12-2018 03:00,3,7,1
India,Karnataka,Bengaluru,"Silk Board, Bengaluru - KSPCB",21-12-2018 03:00,16,57,6
India,Karnataka,Bengaluru,"Silk Board, Bengaluru - KSPCB",21-12-2018 03:00,78,167,27
India,Karnataka,Chikkaballapur,"Chikkaballapur Rural, Chikkaballapur - KSPCB",21-12-2018 03:00,59,119,36
India,Karnataka,Chikkaballapur,"Chikkaballapur Rural, Chikkaballapur - KSPCB",21-12-2018 03:00,67,123,45
India,Karnataka,Chikkaballapur,"Chikkaballapur Rural, Chikkaballapur - KSPCB",21-12-2018 03:00,47,56,44
India,Karnataka,Chikkaballapur,"Chikkaballapur Rural, Chikkaballapur - KSPCB",21-12-2018 03:00,2,3,2
India,Karnataka,Chikkaballapur,"Chikkaballapur Rural, Chikkaballapur - KSPCB",21-12-2018 03:00,9,15,4
India,Karnataka,Chikkaballapur,"Chikkaballapur Rural, Chikkaballapur - KSPCB",21-12-2018 03:00,19,27,15
India,Karnataka,Chikkaballapur,"Chikkaballapur Rural, Chikkaballapur - KSPCB",21-12-2018 03:00,21,29,17
India,Karnataka,Hubballi,"Deshpande Nagar, Hubballi - KSPCB",21-12-2018 03:00,63,143,30
India,Karnataka,Hubballi,"Deshpande Nagar, Hubballi - KSPCB",21-12-2018 03:00,82,183,39
India,Karnataka,Hubballi,"Deshpande Nagar, Hubballi - KSPCB",21-12-2018 03:00,33,105,15
India,Karnataka,Hubballi,"Deshpande Nagar, Hubballi - KSPCB",21-12-2018 03:00,1,2,1
India,Karnataka,Hubballi,"Deshpande Nagar, Hubballi - KSPCB",21-12-2018 03:00,1,3,1
India,Karnataka,Hubballi,"Deshpande Nagar, Hubballi - KSPCB",21-12-2018 03:00,26,80,16
India,Karnataka,Hubballi,"Deshpande Nagar, Hubballi - KSPCB",21-12-2018 03:00,49,66,3
India,Kerala,Thiruvananthapuram,"Plammoodu, Thiruvananthapuram - Kerala PCB",21-12-2018 03:00,139,227,92
India,Kerala,Thiruvananthapuram,"Plammoodu, Thiruvananthapuram - Kerala PCB",21-12-2018 03:00,99,129,75
India,Kerala,Thiruvananthapuram,"Plammoodu, Thiruvananthapuram - Kerala PCB",21-12-2018 03:00,12,35,1
India,Kerala,Thiruvananthapuram,"Plammoodu, Thiruvananthapuram - Kerala PCB",21-12-2018 03:00,1,2,1
India,Kerala,Thiruvananthapuram,"Plammoodu, Thiruvananthapuram - Kerala PCB",21-12-2018 03:00,32,61,6
India,Kerala,Thiruvananthapuram,"Plammoodu, Thiruvananthapuram - Kerala PCB",21-12-2018 03:00,110,117,105
India,Kerala,Thiruvananthapuram,"Plammoodu, Thiruvananthapuram - Kerala PCB",21-12-2018 03:00,76,114,28
India,Madhya Pradesh,Dewas,"Bhopal Chauraha, Dewas - MPPCB",21-12-2018 03:00,85,159,38
India,Madhya Pradesh,Dewas,"Bhopal Chauraha, Dewas - MPPCB",21-12-2018 03:00,98,164,54
India,Madhya Pradesh,Dewas,"Bhopal Chauraha, Dewas - MPPCB",21-12-2018 03:00,38,73,14
India,Madhya Pradesh,Dewas,"Bhopal Chauraha, Dewas - MPPCB",21-12-2018 03:00,4,4,3
India,Madhya Pradesh,Dewas,"Bhopal Chauraha, Dewas - MPPCB",21-12-2018 03:00,7,11,4
India,Madhya Pradesh,Dewas,"Bhopal Chauraha, Dewas - MPPCB",21-12-2018 03:00,29,56,1
India,Madhya Pradesh,Dewas,"Bhopal Chauraha, Dewas - MPPCB",21-12-2018 03:00,120,159,64
India,Madhya Pradesh,Mandideep,"Sector-D Industrial Area, Mandideep - MPPCB",21-12-2018 03:00,190,324,53
India,Madhya Pradesh,Mandideep,"Sector-D Industrial Area, Mandideep - MPPCB",21-12-2018 03:00,165,272,90
India,Madhya Pradesh,Mandideep,"Sector-D Industrial Area, Mandideep - MPPCB",21-12-2018 03:00,34,100,8
India,Madhya Pradesh,Mandideep,"Sector-D Industrial Area, Mandideep - MPPCB",21-12-2018 03:00,3,9,1
India,Madhya Pradesh,Mandideep,"Sector-D Industrial Area, Mandideep - MPPCB",21-12-2018 03:00,43,110,23
India,Madhya Pradesh,Mandideep,"Sector-D Industrial Area, Mandideep - MPPCB",21-12-2018 03:00,40,77,18
India,Madhya Pradesh,Mandideep,"Sector-D Industrial Area, Mandideep - MPPCB",21-12-2018 03:00,75,111,29
India,Madhya Pradesh,Pithampur,"Sector-2 Industrial Area, Pithampur - MPPCB",21-12-2018 03:00,104,231,47
India,Madhya Pradesh,Pithampur,"Sector-2 Industrial Area, Pithampur - MPPCB",21-12-2018 03:00,114,172,72
India,Madhya Pradesh,Pithampur,"Sector-2 Industrial Area, Pithampur - MPPCB",21-12-2018 03:00,22,56,10
India,Madhya Pradesh,Pithampur,"Sector-2 Industrial Area, Pithampur - MPPCB",21-12-2018 03:00,4,6,3
India,Madhya Pradesh,Pithampur,"Sector-2 Industrial Area, Pithampur - MPPCB",21-12-2018 03:00,19,74,8
India,Madhya Pradesh,Pithampur,"Sector-2 Industrial Area, Pithampur - MPPCB",21-12-2018 03:00,21,46,15
India,Madhya Pradesh,Pithampur,"Sector-2 Industrial Area, Pithampur - MPPCB",21-12-2018 03:00,92,118,39
India,Madhya Pradesh,Satna,"Bandhavgar Colony, Satna - MPPCB",21-12-2018 03:00,18,51,1
India,Madhya Pradesh,Satna,"Bandhavgar Colony, Satna - MPPCB",21-12-2018 03:00,148,500,49
India,Madhya Pradesh,Satna,"Bandhavgar Colony, Satna - MPPCB",21-12-2018 03:00,51,55,49
India,Madhya Pradesh,Satna,"Bandhavgar Colony, Satna - MPPCB",21-12-2018 03:00,100,108,80
India,Madhya Pradesh,Singrauli,"Vindhyachal STPS, Singrauli - MPPCB",21-12-2018 03:00,337,448,122
India,Madhya Pradesh,Singrauli,"Vindhyachal STPS, Singrauli - MPPCB",21-12-2018 03:00,318,500,126
India,Madhya Pradesh,Singrauli,"Vindhyachal STPS, Singrauli - MPPCB",21-12-2018 03:00,36,76,17
India,Madhya Pradesh,Singrauli,"Vindhyachal STPS, Singrauli - MPPCB",21-12-2018 03:00,4,6,2
India,Madhya Pradesh,Singrauli,"Vindhyachal STPS, Singrauli - MPPCB",21-12-2018 03:00,40,68,18
India,Madhya Pradesh,Singrauli,"Vindhyachal STPS, Singrauli - MPPCB",21-12-2018 03:00,53,114,14
India,Madhya Pradesh,Singrauli,"Vindhyachal STPS, Singrauli - MPPCB",21-12-2018 03:00,64,130,6
India,Madhya Pradesh,Ujjain,"Mahakaleshwar Temple, Ujjain - MPPCB",21-12-2018 03:00,214,410,47
India,Madhya Pradesh,Ujjain,"Mahakaleshwar Temple, Ujjain - MPPCB",21-12-2018 03:00,161,357,70
India,Madhya Pradesh,Ujjain,"Mahakaleshwar Temple, Ujjain - MPPCB",21-12-2018 03:00,53,120,18
India,Madhya Pradesh,Ujjain,"Mahakaleshwar Temple, Ujjain - MPPCB",21-12-2018 03:00,8,13,4
India,Madhya Pradesh,Ujjain,"Mahakaleshwar Temple, Ujjain - MPPCB",21-12-2018 03:00,12,26,5
India,Madhya Pradesh,Ujjain,"Mahakaleshwar Temple, Ujjain - MPPCB",21-12-2018 03:00,53,108,19
India,Madhya Pradesh,Ujjain,"Mahakaleshwar Temple, Ujjain - MPPCB",21-12-2018 03:00,88,154,1
India,Maharashtra,Aurangabad,"More Chowk Waluj, Aurangabad - MPCB",21-12-2018 03:00,96,188,40
India,Maharashtra,Aurangabad,"More Chowk Waluj, Aurangabad - MPCB",21-12-2018 03:00,102,200,40
India,Maharashtra,Aurangabad,"More Chowk Waluj, Aurangabad - MPCB",21-12-2018 03:00,22,25,19
India,Maharashtra,Aurangabad,"More Chowk Waluj, Aurangabad - MPCB",21-12-2018 03:00,5,5,5
India,Maharashtra,Aurangabad,"More Chowk Waluj, Aurangabad - MPCB",21-12-2018 03:00,6,11,1
India,Maharashtra,Aurangabad,"More Chowk Waluj, Aurangabad - MPCB",21-12-2018 03:00,35,106,8
India,Maharashtra,Aurangabad,"More Chowk Waluj, Aurangabad - MPCB",21-12-2018 03:00,64,102,3
India,Maharashtra,Chandrapur,"Chandrapur, Chandrapur - MPCB",21-12-2018 03:00,101,263,38
India,Maharashtra,Chandrapur,"Chandrapur, Chandrapur - MPCB",21-12-2018 03:00,113,183,70
India,Maharashtra,Chandrapur,"Chandrapur, Chandrapur - MPCB",21-12-2018 03:00,27,52,14
India,Maharashtra,Chandrapur,"Chandrapur, Chandrapur - MPCB",21-12-2018 03:00,9,11,7
India,Maharashtra,Chandrapur,"Chandrapur, Chandrapur - MPCB",21-12-2018 03:00,12,34,10
India,Maharashtra,Chandrapur,"Chandrapur, Chandrapur - MPCB",21-12-2018 03:00,17,30,8
India,Maharashtra,Chandrapur,"Chandrapur, Chandrapur - MPCB",21-12-2018 03:00,10,11,10
India,Maharashtra,Chandrapur,"MIDC Khutala, Chandrapur - MPCB",21-12-2018 03:00,NA,NA,NA
India,Maharashtra,Chandrapur,"MIDC Khutala, Chandrapur - MPCB",21-12-2018 03:00,NA,NA,NA
India,Maharashtra,Chandrapur,"MIDC Khutala, Chandrapur - MPCB",21-12-2018 03:00,NA,NA,NA
India,Maharashtra,Chandrapur,"MIDC Khutala, Chandrapur - MPCB",21-12-2018 03:00,NA,NA,NA
India,Maharashtra,Chandrapur,"MIDC Khutala, Chandrapur - MPCB",21-12-2018 03:00,NA,NA,NA
India,Maharashtra,Chandrapur,"MIDC Khutala, Chandrapur - MPCB",21-12-2018 03:00,NA,NA,NA
India,Maharashtra,Mumbai,"Bandra, Mumbai - MPCB",21-12-2018 03:00,89,255,33
India,Maharashtra,Mumbai,"Bandra, Mumbai - MPCB",21-12-2018 03:00,113,171,51
India,Maharashtra,Mumbai,"Bandra, Mumbai - MPCB",21-12-2018 03:00,83,147,42
India,Maharashtra,Mumbai,"Bandra, Mumbai - MPCB",21-12-2018 03:00,22,44,11
India,Maharashtra,Mumbai,"Bandra, Mumbai - MPCB",21-12-2018 03:00,98,103,59
India,Maharashtra,Mumbai,"Bandra, Mumbai - MPCB",21-12-2018 03:00,44,63,37
India,Maharashtra,Nagpur,"Opp GPO Civil Lines, Nagpur - MPCB",21-12-2018 03:00,141,315,47
India,Maharashtra,Nagpur,"Opp GPO Civil Lines, Nagpur - MPCB",21-12-2018 03:00,108,180,57
India,Maharashtra,Nagpur,"Opp GPO Civil Lines, Nagpur - MPCB",21-12-2018 03:00,72,150,17
India,Maharashtra,Nagpur,"Opp GPO Civil Lines, Nagpur - MPCB",21-12-2018 03:00,28,76,7
India,Maharashtra,Nagpur,"Opp GPO Civil Lines, Nagpur - MPCB",21-12-2018 03:00,21,66,1
India,Maharashtra,Nagpur,"Opp GPO Civil Lines, Nagpur - MPCB",21-12-2018 03:00,27,150,14
India,Maharashtra,Nagpur,"Opp GPO Civil Lines, Nagpur - MPCB",21-12-2018 03:00,49,59,18
India,Maharashtra,Nashik,"Gangapur Road, Nashik - MPCB",21-12-2018 03:00,32,62,8
India,Maharashtra,Nashik,"Gangapur Road, Nashik - MPCB",21-12-2018 03:00,76,120,34
India,Maharashtra,Nashik,"Gangapur Road, Nashik - MPCB",21-12-2018 03:00,70,121,32
India,Maharashtra,Nashik,"Gangapur Road, Nashik - MPCB",21-12-2018 03:00,4,5,4
India,Maharashtra,Nashik,"Gangapur Road, Nashik - MPCB",21-12-2018 03:00,18,44,2
India,Maharashtra,Nashik,"Gangapur Road, Nashik - MPCB",21-12-2018 03:00,25,116,20
India,Maharashtra,Nashik,"Gangapur Road, Nashik - MPCB",21-12-2018 03:00,180,180,7
India,Maharashtra,Pune,"Karve Road Pune, Pune - MPCB",21-12-2018 03:00,177,322,44
India,Maharashtra,Pune,"Karve Road Pune, Pune - MPCB",21-12-2018 03:00,121,233,22
India,Maharashtra,Pune,"Karve Road Pune, Pune - MPCB",21-12-2018 03:00,16,24,12
India,Maharashtra,Pune,"Karve Road Pune, Pune - MPCB",21-12-2018 03:00,89,110,70
India,Maharashtra,Pune,"Karve Road Pune, Pune - MPCB",21-12-2018 03:00,102,151,95
India,Maharashtra,Pune,"Karve Road Pune, Pune - MPCB",21-12-2018 03:00,11,12,11
India,Maharashtra,Solapur,"Solapur, Solapur - MPCB",21-12-2018 03:00,105,294,31
India,Maharashtra,Solapur,"Solapur, Solapur - MPCB",21-12-2018 03:00,142,411,41
India,Maharashtra,Solapur,"Solapur, Solapur - MPCB",21-12-2018 03:00,87,153,52
India,Maharashtra,Solapur,"Solapur, Solapur - MPCB",21-12-2018 03:00,13,15,12
India,Maharashtra,Solapur,"Solapur, Solapur - MPCB",21-12-2018 03:00,79,157,47
India,Maharashtra,Solapur,"Solapur, Solapur - MPCB",21-12-2018 03:00,44,76,12
India,Maharashtra,Thane,"Pimpleshwar Mandir, Thane - MPCB",21-12-2018 03:00,86,154,50
India,Maharashtra,Thane,"Pimpleshwar Mandir, Thane - MPCB",21-12-2018 03:00,122,174,85
India,Maharashtra,Thane,"Pimpleshwar Mandir, Thane - MPCB",21-12-2018 03:00,111,212,30
India,Maharashtra,Thane,"Pimpleshwar Mandir, Thane - MPCB",21-12-2018 03:00,4,6,2
India,Maharashtra,Thane,"Pimpleshwar Mandir, Thane - MPCB",21-12-2018 03:00,46,111,9
India,Maharashtra,Thane,"Pimpleshwar Mandir, Thane - MPCB",21-12-2018 03:00,38,102,6
India,Maharashtra,Thane,"Pimpleshwar Mandir, Thane - MPCB",21-12-2018 03:00,26,87,1
India,Odisha,Brajrajnagar,"GM Office, Brajrajnagar - OSPCB",21-12-2018 03:00,203,441,58
India,Odisha,Brajrajnagar,"GM Office, Brajrajnagar - OSPCB",21-12-2018 03:00,146,423,51
India,Odisha,Brajrajnagar,"GM Office, Brajrajnagar - OSPCB",21-12-2018 03:00,20,62,10
India,Odisha,Brajrajnagar,"GM Office, Brajrajnagar - OSPCB",21-12-2018 03:00,10,18,3
India,Odisha,Brajrajnagar,"GM Office, Brajrajnagar - OSPCB",21-12-2018 03:00,17,19,16
India,Odisha,Brajrajnagar,"GM Office, Brajrajnagar - OSPCB",21-12-2018 03:00,74,96,55
India,Odisha,Brajrajnagar,"GM Office, Brajrajnagar - OSPCB",21-12-2018 03:00,6,17,4
India,Odisha,Talcher,"Talcher Coalfields,Talcher - OSPCB",21-12-2018 03:00,NA,NA,NA
India,Odisha,Talcher,"Talcher Coalfields,Talcher - OSPCB",21-12-2018 03:00,NA,NA,NA
India,Odisha,Talcher,"Talcher Coalfields,Talcher - OSPCB",21-12-2018 03:00,2,2,2
India,Odisha,Talcher,"Talcher Coalfields,Talcher - OSPCB",21-12-2018 03:00,15,29,8
India,Odisha,Talcher,"Talcher Coalfields,Talcher - OSPCB",21-12-2018 03:00,101,121,80
India,Odisha,Talcher,"Talcher Coalfields,Talcher - OSPCB",21-12-2018 03:00,8,16,1
India,Punjab,Amritsar,"Golden Temple, Amritsar - PPCB",21-12-2018 03:00,90,172,54
India,Punjab,Amritsar,"Golden Temple, Amritsar - PPCB",21-12-2018 03:00,108,154,72
India,Punjab,Amritsar,"Golden Temple, Amritsar - PPCB",21-12-2018 03:00,44,53,28
India,Punjab,Amritsar,"Golden Temple, Amritsar - PPCB",21-12-2018 03:00,2,3,1
India,Punjab,Amritsar,"Golden Temple, Amritsar - PPCB",21-12-2018 03:00,14,30,11
India,Punjab,Bathinda,"Hardev Nagar, Bathinda - PPCB",21-12-2018 03:00,77,99,50
India,Punjab,Bathinda,"Hardev Nagar, Bathinda - PPCB",21-12-2018 03:00,118,223,59
India,Punjab,Bathinda,"Hardev Nagar, Bathinda - PPCB",21-12-2018 03:00,18,29,2
India,Punjab,Bathinda,"Hardev Nagar, Bathinda - PPCB",21-12-2018 03:00,10,15,3
India,Punjab,Bathinda,"Hardev Nagar, Bathinda - PPCB",21-12-2018 03:00,22,37,12
India,Punjab,Jalandhar,"Civil Line, Jalandhar - PPCB",21-12-2018 03:00,73,109,51
India,Punjab,Jalandhar,"Civil Line, Jalandhar - PPCB",21-12-2018 03:00,72,102,50
India,Punjab,Jalandhar,"Civil Line, Jalandhar - PPCB",21-12-2018 03:00,24,24,24
India,Punjab,Jalandhar,"Civil Line, Jalandhar - PPCB",21-12-2018 03:00,7,7,7
India,Punjab,Jalandhar,"Civil Line, Jalandhar - PPCB",21-12-2018 03:00,5,15,2
India,Punjab,Jalandhar,"Civil Line, Jalandhar - PPCB",21-12-2018 03:00,16,23,14
India,Punjab,Jalandhar,"Civil Line, Jalandhar - PPCB",21-12-2018 03:00,12,31,1
India,Punjab,Khanna,"Kalal Majra, Khanna - PPCB",21-12-2018 03:00,96,148,62
India,Punjab,Khanna,"Kalal Majra, Khanna - PPCB",21-12-2018 03:00,119,153,93
India,Punjab,Khanna,"Kalal Majra, Khanna - PPCB",21-12-2018 03:00,43,71,28
India,Punjab,Khanna,"Kalal Majra, Khanna - PPCB",21-12-2018 03:00,2,3,2
India,Punjab,Khanna,"Kalal Majra, Khanna - PPCB",21-12-2018 03:00,39,85,18
India,Punjab,Khanna,"Kalal Majra, Khanna - PPCB",21-12-2018 03:00,18,61,12
India,Punjab,Khanna,"Kalal Majra, Khanna - PPCB",21-12-2018 03:00,5,8,1
India,Punjab,Ludhiana,"Punjab Agricultural University, Ludhiana - PPCB",21-12-2018 03:00,110,260,30
India,Punjab,Ludhiana,"Punjab Agricultural University, Ludhiana - PPCB",21-12-2018 03:00,124,155,90
India,Punjab,Ludhiana,"Punjab Agricultural University, Ludhiana - PPCB",21-12-2018 03:00,16,47,14
India,Punjab,Ludhiana,"Punjab Agricultural University, Ludhiana - PPCB",21-12-2018 03:00,11,12,10
India,Punjab,Ludhiana,"Punjab Agricultural University, Ludhiana - PPCB",21-12-2018 03:00,21,21,21
India,Punjab,Ludhiana,"Punjab Agricultural University, Ludhiana - PPCB",21-12-2018 03:00,25,33,4
India,Punjab,Mandi Gobindgarh,"RIMT University, Mandi Gobindgarh - PPCB",21-12-2018 03:00,240,320,85
India,Punjab,Mandi Gobindgarh,"RIMT University, Mandi Gobindgarh - PPCB",21-12-2018 03:00,232,336,120
India,Punjab,Mandi Gobindgarh,"RIMT University, Mandi Gobindgarh - PPCB",21-12-2018 03:00,21,22,19
India,Punjab,Mandi Gobindgarh,"RIMT University, Mandi Gobindgarh - PPCB",21-12-2018 03:00,3,3,3
India,Punjab,Mandi Gobindgarh,"RIMT University, Mandi Gobindgarh - PPCB",21-12-2018 03:00,12,31,6
India,Punjab,Mandi Gobindgarh,"RIMT University, Mandi Gobindgarh - PPCB",21-12-2018 03:00,114,121,106
India,Punjab,Mandi Gobindgarh,"RIMT University, Mandi Gobindgarh - PPCB",21-12-2018 03:00,18,41,6
India,Punjab,Patiala,"Model Town, Patiala - PPCB",21-12-2018 03:00,157,218,94
India,Punjab,Patiala,"Model Town, Patiala - PPCB",21-12-2018 03:00,154,212,118
India,Punjab,Patiala,"Model Town, Patiala - PPCB",21-12-2018 03:00,39,56,25
India,Punjab,Patiala,"Model Town, Patiala - PPCB",21-12-2018 03:00,8,10,8
India,Punjab,Patiala,"Model Town, Patiala - PPCB",21-12-2018 03:00,11,20,7
India,Punjab,Patiala,"Model Town, Patiala - PPCB",21-12-2018 03:00,41,104,28
India,Punjab,Patiala,"Model Town, Patiala - PPCB",21-12-2018 03:00,18,29,2
India,Punjab,Rupnagar,"Ratanpura, Rupnagar - PPCB",21-12-2018 03:00,141,309,67
India,Punjab,Rupnagar,"Ratanpura, Rupnagar - PPCB",21-12-2018 03:00,142,295,57
India,Punjab,Rupnagar,"Ratanpura, Rupnagar - PPCB",21-12-2018 03:00,15,17,2
India,Punjab,Rupnagar,"Ratanpura, Rupnagar - PPCB",21-12-2018 03:00,9,10,8
India,Punjab,Rupnagar,"Ratanpura, Rupnagar - PPCB",21-12-2018 03:00,25,29,20
India,Rajasthan,Ajmer,"Civil Lines,  Ajmer - RSPCB",21-12-2018 03:00,160,331,63
India,Rajasthan,Ajmer,"Civil Lines,  Ajmer - RSPCB",21-12-2018 03:00,112,217,60
India,Rajasthan,Ajmer,"Civil Lines,  Ajmer - RSPCB",21-12-2018 03:00,76,147,26
India,Rajasthan,Ajmer,"Civil Lines,  Ajmer - RSPCB",21-12-2018 03:00,12,16,8
India,Rajasthan,Ajmer,"Civil Lines,  Ajmer - RSPCB",21-12-2018 03:00,14,27,5
India,Rajasthan,Ajmer,"Civil Lines,  Ajmer - RSPCB",21-12-2018 03:00,40,134,9
India,Rajasthan,Ajmer,"Civil Lines,  Ajmer - RSPCB",21-12-2018 03:00,58,118,9
India,Rajasthan,Alwar,"Moti Doongri, Alwar, Rajasthan - RSPCB",21-12-2018 03:00,114,245,12
India,Rajasthan,Alwar,"Moti Doongri, Alwar, Rajasthan - RSPCB",21-12-2018 03:00,100,150,33
India,Rajasthan,Alwar,"Moti Doongri, Alwar, Rajasthan - RSPCB",21-12-2018 03:00,101,163,54
India,Rajasthan,Alwar,"Moti Doongri, Alwar, Rajasthan - RSPCB",21-12-2018 03:00,8,9,6
India,Rajasthan,Alwar,"Moti Doongri, Alwar, Rajasthan - RSPCB",21-12-2018 03:00,21,38,2
India,Rajasthan,Alwar,"Moti Doongri, Alwar, Rajasthan - RSPCB",21-12-2018 03:00,46,110,1
India,Rajasthan,Alwar,"Moti Doongri, Alwar, Rajasthan - RSPCB",21-12-2018 03:00,48,89,9
India,Rajasthan,Bhiwadi,"RIICO Ind. Area III, Bhiwadi, Rajasthan - RSPCB",21-12-2018 03:00,336,456,130
India,Rajasthan,Bhiwadi,"RIICO Ind. Area III, Bhiwadi, Rajasthan - RSPCB",21-12-2018 03:00,396,500,145
India,Rajasthan,Bhiwadi,"RIICO Ind. Area III, Bhiwadi, Rajasthan - RSPCB",21-12-2018 03:00,68,122,39
India,Rajasthan,Bhiwadi,"RIICO Ind. Area III, Bhiwadi, Rajasthan - RSPCB",21-12-2018 03:00,3,5,2
India,Rajasthan,Bhiwadi,"RIICO Ind. Area III, Bhiwadi, Rajasthan - RSPCB",21-12-2018 03:00,36,80,8
India,Rajasthan,Bhiwadi,"RIICO Ind. Area III, Bhiwadi, Rajasthan - RSPCB",21-12-2018 03:00,47,108,33
India,Rajasthan,Bhiwadi,"RIICO Ind. Area III, Bhiwadi, Rajasthan - RSPCB",21-12-2018 03:00,34,63,1
India,Rajasthan,Jaipur,"Adarsh Nagar, Jaipur - RSPCB",21-12-2018 03:00,108,335,1
India,Rajasthan,Jaipur,"Adarsh Nagar, Jaipur - RSPCB",21-12-2018 03:00,74,123,6
India,Rajasthan,Jaipur,"Adarsh Nagar, Jaipur - RSPCB",21-12-2018 03:00,66,102,24
India,Rajasthan,Jaipur,"Adarsh Nagar, Jaipur - RSPCB",21-12-2018 03:00,5,9,2
India,Rajasthan,Jaipur,"Adarsh Nagar, Jaipur - RSPCB",21-12-2018 03:00,12,34,3
India,Rajasthan,Jaipur,"Adarsh Nagar, Jaipur - RSPCB",21-12-2018 03:00,78,133,29
India,Rajasthan,Jaipur,"Adarsh Nagar, Jaipur - RSPCB",21-12-2018 03:00,62,127,1
India,Rajasthan,Jaipur,"Police Commissionerate, Jaipur - RSPCB",21-12-2018 03:00,276,436,78
India,Rajasthan,Jaipur,"Police Commissionerate, Jaipur - RSPCB",21-12-2018 03:00,214,405,71
India,Rajasthan,Jaipur,"Police Commissionerate, Jaipur - RSPCB",21-12-2018 03:00,55,139,1
India,Rajasthan,Jaipur,"Police Commissionerate, Jaipur - RSPCB",21-12-2018 03:00,NA,NA,NA
India,Rajasthan,Jaipur,"Police Commissionerate, Jaipur - RSPCB",21-12-2018 03:00,13,16,9
India,Rajasthan,Jaipur,"Police Commissionerate, Jaipur - RSPCB",21-12-2018 03:00,37,117,4
India,Rajasthan,Jaipur,"Police Commissionerate, Jaipur - RSPCB",21-12-2018 03:00,39,77,7
India,Rajasthan,Jaipur,"Shastri Nagar, Jaipur - RSPCB",21-12-2018 03:00,253,379,82
India,Rajasthan,Jaipur,"Shastri Nagar, Jaipur - RSPCB",21-12-2018 03:00,176,391,105
India,Rajasthan,Jaipur,"Shastri Nagar, Jaipur - RSPCB",21-12-2018 03:00,66,100,38
India,Rajasthan,Jaipur,"Shastri Nagar, Jaipur - RSPCB",21-12-2018 03:00,7,9,5
India,Rajasthan,Jaipur,"Shastri Nagar, Jaipur - RSPCB",21-12-2018 03:00,18,33,1
India,Rajasthan,Jaipur,"Shastri Nagar, Jaipur - RSPCB",21-12-2018 03:00,77,150,28
India,Rajasthan,Jaipur,"Shastri Nagar, Jaipur - RSPCB",21-12-2018 03:00,45,96,2
India,Rajasthan,Jodhpur,"Collectorate, Jodhpur - RSPCB",21-12-2018 03:00,238,418,45
India,Rajasthan,Jodhpur,"Collectorate, Jodhpur - RSPCB",21-12-2018 03:00,204,428,103
India,Rajasthan,Jodhpur,"Collectorate, Jodhpur - RSPCB",21-12-2018 03:00,53,76,42
India,Rajasthan,Jodhpur,"Collectorate, Jodhpur - RSPCB",21-12-2018 03:00,19,45,1
India,Rajasthan,Jodhpur,"Collectorate, Jodhpur - RSPCB",21-12-2018 03:00,42,120,4
India,Rajasthan,Jodhpur,"Collectorate, Jodhpur - RSPCB",21-12-2018 03:00,67,109,60
India,Rajasthan,Kota,"Shrinath Puram, Kota - RSPCB",21-12-2018 03:00,187,352,53
India,Rajasthan,Kota,"Shrinath Puram, Kota - RSPCB",21-12-2018 03:00,156,297,50
India,Rajasthan,Kota,"Shrinath Puram, Kota - RSPCB",21-12-2018 03:00,48,68,32
India,Rajasthan,Kota,"Shrinath Puram, Kota - RSPCB",21-12-2018 03:00,7,14,3
India,Rajasthan,Kota,"Shrinath Puram, Kota - RSPCB",21-12-2018 03:00,14,32,8
India,Rajasthan,Kota,"Shrinath Puram, Kota - RSPCB",21-12-2018 03:00,37,102,2
India,Rajasthan,Kota,"Shrinath Puram, Kota - RSPCB",21-12-2018 03:00,27,49,5
India,Rajasthan,Pali,"Indira Colony Vistar, Pali - RSPCB",21-12-2018 03:00,98,300,37
India,Rajasthan,Pali,"Indira Colony Vistar, Pali - RSPCB",21-12-2018 03:00,111,194,68
India,Rajasthan,Pali,"Indira Colony Vistar, Pali - RSPCB",21-12-2018 03:00,44,84,25
India,Rajasthan,Pali,"Indira Colony Vistar, Pali - RSPCB",21-12-2018 03:00,8,9,5
India,Rajasthan,Pali,"Indira Colony Vistar, Pali - RSPCB",21-12-2018 03:00,10,20,3
India,Rajasthan,Pali,"Indira Colony Vistar, Pali - RSPCB",21-12-2018 03:00,52,130,27
India,Rajasthan,Pali,"Indira Colony Vistar, Pali - RSPCB",21-12-2018 03:00,45,90,4
India,Rajasthan,Udaipur,"Ashok Nagar, Udaipur - RSPCB",21-12-2018 03:00,161,349,58
India,Rajasthan,Udaipur,"Ashok Nagar, Udaipur - RSPCB",21-12-2018 03:00,193,429,89
India,Rajasthan,Udaipur,"Ashok Nagar, Udaipur - RSPCB",21-12-2018 03:00,25,37,15
India,Rajasthan,Udaipur,"Ashok Nagar, Udaipur - RSPCB",21-12-2018 03:00,6,12,3
India,Rajasthan,Udaipur,"Ashok Nagar, Udaipur - RSPCB",21-12-2018 03:00,16,28,7
India,Rajasthan,Udaipur,"Ashok Nagar, Udaipur - RSPCB",21-12-2018 03:00,56,159,26
India,Rajasthan,Udaipur,"Ashok Nagar, Udaipur - RSPCB",21-12-2018 03:00,49,129,1
India,TamilNadu,Chennai,"Alandur Bus Depot, Chennai - CPCB",21-12-2018 03:00,77,202,3
India,TamilNadu,Chennai,"Alandur Bus Depot, Chennai - CPCB",21-12-2018 03:00,31,56,23
India,TamilNadu,Chennai,"Alandur Bus Depot, Chennai - CPCB",21-12-2018 03:00,13,26,7
India,TamilNadu,Chennai,"Alandur Bus Depot, Chennai - CPCB",21-12-2018 03:00,59,92,14
India,TamilNadu,Chennai,"Alandur Bus Depot, Chennai - CPCB",21-12-2018 03:00,18,26,10
India,TamilNadu,Chennai,"Manali, Chennai - CPCB",21-12-2018 03:00,105,429,24
India,TamilNadu,Chennai,"Manali, Chennai - CPCB",21-12-2018 03:00,15,22,9
India,TamilNadu,Chennai,"Manali, Chennai - CPCB",21-12-2018 03:00,15,24,14
India,TamilNadu,Chennai,"Manali, Chennai - CPCB",21-12-2018 03:00,17,32,8
India,TamilNadu,Chennai,"Manali, Chennai - CPCB",21-12-2018 03:00,50,75,41
India,TamilNadu,Chennai,"Velachery Res. Area, Chennai - CPCB",21-12-2018 03:00,45,64,24
India,TamilNadu,Chennai,"Velachery Res. Area, Chennai - CPCB",21-12-2018 03:00,13,16,11
India,TamilNadu,Chennai,"Velachery Res. Area, Chennai - CPCB",21-12-2018 03:00,7,10,4
India,TamilNadu,Chennai,"Velachery Res. Area, Chennai - CPCB",21-12-2018 03:00,36,55,18
India,TamilNadu,Chennai,"Velachery Res. Area, Chennai - CPCB",21-12-2018 03:00,44,66,18
India,Telangana,Hyderabad,"Bollaram Industrial Area, Hyderabad - TSPCB",21-12-2018 03:00,77,132,41
India,Telangana,Hyderabad,"Bollaram Industrial Area, Hyderabad - TSPCB",21-12-2018 03:00,87,148,54
India,Telangana,Hyderabad,"Bollaram Industrial Area, Hyderabad - TSPCB",21-12-2018 03:00,27,48,11
India,Telangana,Hyderabad,"Bollaram Industrial Area, Hyderabad - TSPCB",21-12-2018 03:00,2,3,2
India,Telangana,Hyderabad,"Bollaram Industrial Area, Hyderabad - TSPCB",21-12-2018 03:00,5,9,2
India,Telangana,Hyderabad,"Bollaram Industrial Area, Hyderabad - TSPCB",21-12-2018 03:00,24,47,17
India,Telangana,Hyderabad,"Bollaram Industrial Area, Hyderabad - TSPCB",21-12-2018 03:00,16,23,6
India,Telangana,Hyderabad,"Central University, Hyderabad - TSPCB",21-12-2018 03:00,80,128,46
India,Telangana,Hyderabad,"Central University, Hyderabad - TSPCB",21-12-2018 03:00,106,151,76
India,Telangana,Hyderabad,"Central University, Hyderabad - TSPCB",21-12-2018 03:00,81,139,39
India,Telangana,Hyderabad,"Central University, Hyderabad - TSPCB",21-12-2018 03:00,4,5,3
India,Telangana,Hyderabad,"Central University, Hyderabad - TSPCB",21-12-2018 03:00,5,13,1
India,Telangana,Hyderabad,"Central University, Hyderabad - TSPCB",21-12-2018 03:00,30,97,21
India,Telangana,Hyderabad,"Central University, Hyderabad - TSPCB",21-12-2018 03:00,60,104,2
India,Telangana,Hyderabad,"ICRISAT Patancheru, Hyderabad - TSPCB",21-12-2018 03:00,100,187,42
India,Telangana,Hyderabad,"ICRISAT Patancheru, Hyderabad - TSPCB",21-12-2018 03:00,104,157,52
India,Telangana,Hyderabad,"ICRISAT Patancheru, Hyderabad - TSPCB",21-12-2018 03:00,34,67,12
India,Telangana,Hyderabad,"ICRISAT Patancheru, Hyderabad - TSPCB",21-12-2018 03:00,3,5,2
India,Telangana,Hyderabad,"ICRISAT Patancheru, Hyderabad - TSPCB",21-12-2018 03:00,15,43,7
India,Telangana,Hyderabad,"ICRISAT Patancheru, Hyderabad - TSPCB",21-12-2018 03:00,21,72,9
India,Telangana,Hyderabad,"ICRISAT Patancheru, Hyderabad - TSPCB",21-12-2018 03:00,29,50,2
India,Telangana,Hyderabad,"IDA Pashamylaram, Hyderabad - TSPCB",21-12-2018 03:00,114,182,43
India,Telangana,Hyderabad,"IDA Pashamylaram, Hyderabad - TSPCB",21-12-2018 03:00,111,152,63
India,Telangana,Hyderabad,"IDA Pashamylaram, Hyderabad - TSPCB",21-12-2018 03:00,91,111,61
India,Telangana,Hyderabad,"IDA Pashamylaram, Hyderabad - TSPCB",21-12-2018 03:00,1,1,1
India,Telangana,Hyderabad,"IDA Pashamylaram, Hyderabad - TSPCB",21-12-2018 03:00,42,94,19
India,Telangana,Hyderabad,"IDA Pashamylaram, Hyderabad - TSPCB",21-12-2018 03:00,30,73,11
India,Telangana,Hyderabad,"IDA Pashamylaram, Hyderabad - TSPCB",21-12-2018 03:00,24,45,4
India,Telangana,Hyderabad,"Sanathnagar, Hyderabad - TSPCB",21-12-2018 03:00,125,181,75
India,Telangana,Hyderabad,"Sanathnagar, Hyderabad - TSPCB",21-12-2018 03:00,59,117,24
India,Telangana,Hyderabad,"Sanathnagar, Hyderabad - TSPCB",21-12-2018 03:00,12,21,6
India,Telangana,Hyderabad,"Sanathnagar, Hyderabad - TSPCB",21-12-2018 03:00,31,97,10
India,Telangana,Hyderabad,"Sanathnagar, Hyderabad - TSPCB",21-12-2018 03:00,39,72,3
India,Telangana,Hyderabad,"Zoo Park, Hyderabad - TSPCB",21-12-2018 03:00,NA,NA,NA
India,Telangana,Hyderabad,"Zoo Park, Hyderabad - TSPCB",21-12-2018 03:00,NA,NA,NA
India,Telangana,Hyderabad,"Zoo Park, Hyderabad - TSPCB",21-12-2018 03:00,NA,NA,NA
India,Telangana,Hyderabad,"Zoo Park, Hyderabad - TSPCB",21-12-2018 03:00,NA,NA,NA
India,Telangana,Hyderabad,"Zoo Park, Hyderabad - TSPCB",21-12-2018 03:00,NA,NA,NA
India,Telangana,Hyderabad,"Zoo Park, Hyderabad - TSPCB",21-12-2018 03:00,37,100,28
India,Telangana,Hyderabad,"Zoo Park, Hyderabad - TSPCB",21-12-2018 03:00,70,109,12
India,Uttar_Pradesh,Agra,"Sanjay Palace, Agra - UPPCB",21-12-2018 03:00,372,476,224
India,Uttar_Pradesh,Agra,"Sanjay Palace, Agra - UPPCB",21-12-2018 03:00,90,149,34
India,Uttar_Pradesh,Agra,"Sanjay Palace, Agra - UPPCB",21-12-2018 03:00,17,32,1
India,Uttar_Pradesh,Agra,"Sanjay Palace, Agra - UPPCB",21-12-2018 03:00,47,128,34
India,Uttar_Pradesh,Agra,"Sanjay Palace, Agra - UPPCB",21-12-2018 03:00,1,2,1
India,Uttar_Pradesh,Baghpat,"New Collectorate, Baghpat - UPPCB",21-12-2018 03:00,360,463,313
India,Uttar_Pradesh,Baghpat,"New Collectorate, Baghpat - UPPCB",21-12-2018 03:00,231,398,162
India,Uttar_Pradesh,Baghpat,"New Collectorate, Baghpat - UPPCB",21-12-2018 03:00,63,84,31
India,Uttar_Pradesh,Baghpat,"New Collectorate, Baghpat - UPPCB",21-12-2018 03:00,22,31,17
India,Uttar_Pradesh,Baghpat,"New Collectorate, Baghpat - UPPCB",21-12-2018 03:00,31,58,14
India,Uttar_Pradesh,Baghpat,"New Collectorate, Baghpat - UPPCB",21-12-2018 03:00,45,56,8
India,Uttar_Pradesh,Baghpat,"New Collectorate, Baghpat - UPPCB",21-12-2018 03:00,221,221,4
India,Uttar_Pradesh,Bulandshahr,"Yamunapuram, Bulandshahr - UPPCB",21-12-2018 03:00,420,500,278
India,Uttar_Pradesh,Bulandshahr,"Yamunapuram, Bulandshahr - UPPCB",21-12-2018 03:00,371,469,166
India,Uttar_Pradesh,Bulandshahr,"Yamunapuram, Bulandshahr - UPPCB",21-12-2018 03:00,129,163,66
India,Uttar_Pradesh,Bulandshahr,"Yamunapuram, Bulandshahr - UPPCB",21-12-2018 03:00,18,28,11
India,Uttar_Pradesh,Bulandshahr,"Yamunapuram, Bulandshahr - UPPCB",21-12-2018 03:00,33,59,16
India,Uttar_Pradesh,Bulandshahr,"Yamunapuram, Bulandshahr - UPPCB",21-12-2018 03:00,83,114,39
India,Uttar_Pradesh,Bulandshahr,"Yamunapuram, Bulandshahr - UPPCB",21-12-2018 03:00,190,192,5
India,Uttar_Pradesh,Ghaziabad,"Vasundhara, Ghaziabad, UP - UPPCB",21-12-2018 03:00,406,472,321
India,Uttar_Pradesh,Ghaziabad,"Vasundhara, Ghaziabad, UP - UPPCB",21-12-2018 03:00,325,456,195
India,Uttar_Pradesh,Ghaziabad,"Vasundhara, Ghaziabad, UP - UPPCB",21-12-2018 03:00,144,175,108
India,Uttar_Pradesh,Ghaziabad,"Vasundhara, Ghaziabad, UP - UPPCB",21-12-2018 03:00,18,20,14
India,Uttar_Pradesh,Ghaziabad,"Vasundhara, Ghaziabad, UP - UPPCB",21-12-2018 03:00,40,84,13
India,Uttar_Pradesh,Ghaziabad,"Vasundhara, Ghaziabad, UP - UPPCB",21-12-2018 03:00,97,136,47
India,Uttar_Pradesh,Ghaziabad,"Vasundhara, Ghaziabad, UP - UPPCB",21-12-2018 03:00,41,100,6
India,Uttar_Pradesh,Greater_Noida,"Knowledge Park - III, Greater Noida - UPPCB",21-12-2018 03:00,411,471,230
India,Uttar_Pradesh,Greater_Noida,"Knowledge Park - III, Greater Noida - UPPCB",21-12-2018 03:00,373,469,186
India,Uttar_Pradesh,Greater_Noida,"Knowledge Park - III, Greater Noida - UPPCB",21-12-2018 03:00,160,255,75
India,Uttar_Pradesh,Greater_Noida,"Knowledge Park - III, Greater Noida - UPPCB",21-12-2018 03:00,16,23,9
India,Uttar_Pradesh,Greater_Noida,"Knowledge Park - III, Greater Noida - UPPCB",21-12-2018 03:00,13,37,1
India,Uttar_Pradesh,Greater_Noida,"Knowledge Park - III, Greater Noida - UPPCB",21-12-2018 03:00,65,131,22
India,Uttar_Pradesh,Greater_Noida,"Knowledge Park - III, Greater Noida - UPPCB",21-12-2018 03:00,47,119,2
India,Uttar_Pradesh,Kanpur,"Nehru Nagar, Kanpur - UPPCB",21-12-2018 03:00,370,500,277
India,Uttar_Pradesh,Kanpur,"Nehru Nagar, Kanpur - UPPCB",21-12-2018 03:00,127,205,62
India,Uttar_Pradesh,Kanpur,"Nehru Nagar, Kanpur - UPPCB",21-12-2018 03:00,35,112,10
India,Uttar_Pradesh,Kanpur,"Nehru Nagar, Kanpur - UPPCB",21-12-2018 03:00,79,155,10
India,Uttar_Pradesh,Kanpur,"Nehru Nagar, Kanpur - UPPCB",21-12-2018 03:00,76,121,3
India,Uttar_Pradesh,Lucknow,"Central School, Lucknow - CPCB",21-12-2018 03:00,307,363,230
India,Uttar_Pradesh,Lucknow,"Central School, Lucknow - CPCB",21-12-2018 03:00,45,80,32
India,Uttar_Pradesh,Lucknow,"Central School, Lucknow - CPCB",21-12-2018 03:00,6,7,5
India,Uttar_Pradesh,Lucknow,"Central School, Lucknow - CPCB",21-12-2018 03:00,25,100,4
India,Uttar_Pradesh,Lucknow,"Central School, Lucknow - CPCB",21-12-2018 03:00,18,26,5
India,Uttar_Pradesh,Lucknow,"Lalbagh, Lucknow - CPCB",21-12-2018 03:00,377,471,335
India,Uttar_Pradesh,Lucknow,"Lalbagh, Lucknow - CPCB",21-12-2018 03:00,86,157,41
India,Uttar_Pradesh,Lucknow,"Lalbagh, Lucknow - CPCB",21-12-2018 03:00,15,25,7
India,Uttar_Pradesh,Lucknow,"Lalbagh, Lucknow - CPCB",21-12-2018 03:00,62,113,32
India,Uttar_Pradesh,Lucknow,"Lalbagh, Lucknow - CPCB",21-12-2018 03:00,89,132,23
India,Uttar_Pradesh,Lucknow,"Nishant Ganj, Lucknow - UPPCB",21-12-2018 03:00,329,479,195
India,Uttar_Pradesh,Lucknow,"Nishant Ganj, Lucknow - UPPCB",21-12-2018 03:00,47,86,24
India,Uttar_Pradesh,Lucknow,"Nishant Ganj, Lucknow - UPPCB",21-12-2018 03:00,11,16,8
India,Uttar_Pradesh,Lucknow,"Nishant Ganj, Lucknow - UPPCB",21-12-2018 03:00,17,127,8
India,Uttar_Pradesh,Lucknow,"Nishant Ganj, Lucknow - UPPCB",21-12-2018 03:00,37,59,10
India,Uttar_Pradesh,Lucknow,"Talkatora District Industries Center, Lucknow - CPCB",21-12-2018 03:00,323,391,250
India,Uttar_Pradesh,Lucknow,"Talkatora District Industries Center, Lucknow - CPCB",21-12-2018 03:00,65,126,25
India,Uttar_Pradesh,Lucknow,"Talkatora District Industries Center, Lucknow - CPCB",21-12-2018 03:00,11,18,8
India,Uttar_Pradesh,Lucknow,"Talkatora District Industries Center, Lucknow - CPCB",21-12-2018 03:00,10,14,5
India,Uttar_Pradesh,Lucknow,"Talkatora District Industries Center, Lucknow - CPCB",21-12-2018 03:00,50,85,10
India,Uttar_Pradesh,Moradabad,"Lajpat Nagar, Moradabad - UPPCB",21-12-2018 03:00,374,500,55
India,Uttar_Pradesh,Moradabad,"Lajpat Nagar, Moradabad - UPPCB",21-12-2018 03:00,314,497,114
India,Uttar_Pradesh,Moradabad,"Lajpat Nagar, Moradabad - UPPCB",21-12-2018 03:00,115,211,45
India,Uttar_Pradesh,Moradabad,"Lajpat Nagar, Moradabad - UPPCB",21-12-2018 03:00,12,17,7
India,Uttar_Pradesh,Moradabad,"Lajpat Nagar, Moradabad - UPPCB",21-12-2018 03:00,22,36,7
India,Uttar_Pradesh,Moradabad,"Lajpat Nagar, Moradabad - UPPCB",21-12-2018 03:00,70,125,19
India,Uttar_Pradesh,Moradabad,"Lajpat Nagar, Moradabad - UPPCB",21-12-2018 03:00,65,151,3
India,Uttar_Pradesh,Muzaffarnagar,"New Mandi, Muzaffarnagar - UPPCB",21-12-2018 03:00,360,430,282
India,Uttar_Pradesh,Muzaffarnagar,"New Mandi, Muzaffarnagar - UPPCB",21-12-2018 03:00,241,388,160
India,Uttar_Pradesh,Muzaffarnagar,"New Mandi, Muzaffarnagar - UPPCB",21-12-2018 03:00,64,112,40
India,Uttar_Pradesh,Muzaffarnagar,"New Mandi, Muzaffarnagar - UPPCB",21-12-2018 03:00,18,28,12
India,Uttar_Pradesh,Muzaffarnagar,"New Mandi, Muzaffarnagar - UPPCB",21-12-2018 03:00,14,42,1
India,Uttar_Pradesh,Muzaffarnagar,"New Mandi, Muzaffarnagar - UPPCB",21-12-2018 03:00,61,96,29
India,Uttar_Pradesh,Muzaffarnagar,"New Mandi, Muzaffarnagar - UPPCB",21-12-2018 03:00,77,116,32
India,Uttar_Pradesh,Noida,"Sector - 125, Noida, UP - UPPCB",21-12-2018 03:00,433,500,329
India,Uttar_Pradesh,Noida,"Sector - 125, Noida, UP - UPPCB",21-12-2018 03:00,401,500,237
India,Uttar_Pradesh,Noida,"Sector - 125, Noida, UP - UPPCB",21-12-2018 03:00,146,228,34
India,Uttar_Pradesh,Noida,"Sector - 125, Noida, UP - UPPCB",21-12-2018 03:00,15,19,9
India,Uttar_Pradesh,Noida,"Sector - 125, Noida, UP - UPPCB",21-12-2018 03:00,19,48,3
India,Uttar_Pradesh,Noida,"Sector - 125, Noida, UP - UPPCB",21-12-2018 03:00,99,171,43
India,Uttar_Pradesh,Noida,"Sector - 125, Noida, UP - UPPCB",21-12-2018 03:00,19,64,3
India,Uttar_Pradesh,Noida,"Sector - 62, Noida, UP - IMD",21-12-2018 03:00,354,443,239
India,Uttar_Pradesh,Noida,"Sector - 62, Noida, UP - IMD",21-12-2018 03:00,341,485,178
India,Uttar_Pradesh,Noida,"Sector - 62, Noida, UP - IMD",21-12-2018 03:00,17,19,15
India,Uttar_Pradesh,Noida,"Sector - 62, Noida, UP - IMD",21-12-2018 03:00,59,108,41
India,Uttar_Pradesh,Noida,"Sector - 62, Noida, UP - IMD",21-12-2018 03:00,36,58,23
India,Uttar_Pradesh,Varanasi,"Ardhali Bazar, Varanasi - UPPCB",21-12-2018 03:00,379,474,282
India,Uttar_Pradesh,Varanasi,"Ardhali Bazar, Varanasi - UPPCB",21-12-2018 03:00,305,434,179
India,Uttar_Pradesh,Varanasi,"Ardhali Bazar, Varanasi - UPPCB",21-12-2018 03:00,164,270,98
India,Uttar_Pradesh,Varanasi,"Ardhali Bazar, Varanasi - UPPCB",21-12-2018 03:00,34,57,7
India,Uttar_Pradesh,Varanasi,"Ardhali Bazar, Varanasi - UPPCB",21-12-2018 03:00,34,112,14
India,Uttar_Pradesh,Varanasi,"Ardhali Bazar, Varanasi - UPPCB",21-12-2018 03:00,28,197,4
India,West_Bengal,Asanol,"Asansol Court Area, Asansol - WBPCB",21-12-2018 03:00,287,350,140
India,West_Bengal,Asanol,"Asansol Court Area, Asansol - WBPCB",21-12-2018 03:00,180,364,131
India,West_Bengal,Asanol,"Asansol Court Area, Asansol - WBPCB",21-12-2018 03:00,69,107,38
India,West_Bengal,Asanol,"Asansol Court Area, Asansol - WBPCB",21-12-2018 03:00,4,7,1
India,West_Bengal,Asanol,"Asansol Court Area, Asansol - WBPCB",21-12-2018 03:00,9,51,1
India,West_Bengal,Asanol,"Asansol Court Area, Asansol - WBPCB",21-12-2018 03:00,55,107,11
India,West_Bengal,Asanol,"Asansol Court Area, Asansol - WBPCB",21-12-2018 03:00,34,66,1
India,West_Bengal,Durgapur,"Sidhu Kanhu Indoor Stadium, Durgapur - WBPCB",21-12-2018 03:00,167,249,92
India,West_Bengal,Durgapur,"Sidhu Kanhu Indoor Stadium, Durgapur - WBPCB",21-12-2018 03:00,12,20,8
India,West_Bengal,Durgapur,"Sidhu Kanhu Indoor Stadium, Durgapur - WBPCB",21-12-2018 03:00,79,105,33
India,West_Bengal,Haldia,"Haldia, Haldia - WBPCB",21-12-2018 03:00,138,190,93
India,West_Bengal,Haldia,"Haldia, Haldia - WBPCB",21-12-2018 03:00,42,81,26
India,West_Bengal,Haldia,"Haldia, Haldia - WBPCB",21-12-2018 03:00,15,20,9
India,West_Bengal,Haldia,"Haldia, Haldia - WBPCB",21-12-2018 03:00,27,34,14
India,West_Bengal,Haldia,"Haldia, Haldia - WBPCB",21-12-2018 03:00,20,33,4
India,West_Bengal,Howrah,"Ghusuri, Howrah - WBPCB",21-12-2018 03:00,297,411,119
India,West_Bengal,Howrah,"Ghusuri, Howrah - WBPCB",21-12-2018 03:00,277,465,137
India,West_Bengal,Howrah,"Ghusuri, Howrah - WBPCB",21-12-2018 03:00,104,180,63
India,West_Bengal,Howrah,"Ghusuri, Howrah - WBPCB",21-12-2018 03:00,7,12,5
India,West_Bengal,Howrah,"Ghusuri, Howrah - WBPCB",21-12-2018 03:00,60,132,16
India,West_Bengal,Howrah,"Ghusuri, Howrah - WBPCB",21-12-2018 03:00,53,148,18
India,West_Bengal,Howrah,"Ghusuri, Howrah - WBPCB",21-12-2018 03:00,29,58,2
India,West_Bengal,Howrah,"Padmapukur, Howrah - WBPCB",21-12-2018 03:00,329,420,217
India,West_Bengal,Howrah,"Padmapukur, Howrah - WBPCB",21-12-2018 03:00,217,377,129
India,West_Bengal,Howrah,"Padmapukur, Howrah - WBPCB",21-12-2018 03:00,1,5,1
India,West_Bengal,Howrah,"Padmapukur, Howrah - WBPCB",21-12-2018 03:00,6,6,5
India,West_Bengal,Howrah,"Padmapukur, Howrah - WBPCB",21-12-2018 03:00,9,22,2
India,West_Bengal,Howrah,"Padmapukur, Howrah - WBPCB",21-12-2018 03:00,34,121,21
India,West_Bengal,Howrah,"Padmapukur, Howrah - WBPCB",21-12-2018 03:00,163,163,1
India,West_Bengal,Kolkata,"Rabindra Bharati University, Kolkata - WBPCB",21-12-2018 03:00,383,500,301
India,West_Bengal,Kolkata,"Rabindra Bharati University, Kolkata - WBPCB",21-12-2018 03:00,302,500,176
India,West_Bengal,Kolkata,"Rabindra Bharati University, Kolkata - WBPCB",21-12-2018 03:00,94,158,47
India,West_Bengal,Kolkata,"Rabindra Bharati University, Kolkata - WBPCB",21-12-2018 03:00,3,5,1
India,West_Bengal,Kolkata,"Rabindra Bharati University, Kolkata - WBPCB",21-12-2018 03:00,16,34,6
India,West_Bengal,Kolkata,"Rabindra Bharati University, Kolkata - WBPCB",21-12-2018 03:00,12,28,12
India,West_Bengal,Kolkata,"Rabindra Bharati University, Kolkata - WBPCB",21-12-2018 03:00,154,154,1
India,West_Bengal,Kolkata,"Victoria, Kolkata - WBPCB",21-12-2018 03:00,280,377,165
India,West_Bengal,Kolkata,"Victoria, Kolkata - WBPCB",21-12-2018 03:00,183,313,125
India,West_Bengal,Kolkata,"Victoria, Kolkata - WBPCB",21-12-2018 03:00,57,121,4
India,West_Bengal,Kolkata,"Victoria, Kolkata - WBPCB",21-12-2018 03:00,26,56,6
India,West_Bengal,Kolkata,"Victoria, Kolkata - WBPCB",21-12-2018 03:00,13,30,3
India,West_Bengal,Kolkata,"Victoria, Kolkata - WBPCB",21-12-2018 03:00,48,134,27
India,West_Bengal,Kolkata,"Victoria, Kolkata - WBPCB",21-12-2018 03:00,61,114,4
India,West_Bengal,Siliguri,"Ward-32 Bapupara, Siliguri - WBPCB",21-12-2018 03:00,136,297,44
India,West_Bengal,Siliguri,"Ward-32 Bapupara, Siliguri - WBPCB",21-12-2018 03:00,129,178,45
India,West_Bengal,Siliguri,"Ward-32 Bapupara, Siliguri - WBPCB",21-12-2018 03:00,49,83,14
India,West_Bengal,Siliguri,"Ward-32 Bapupara, Siliguri - WBPCB",21-12-2018 03:00,8,13,2
India,West_Bengal,Siliguri,"Ward-32 Bapupara, Siliguri - WBPCB",21-12-2018 03:00,5,8,2
India,West_Bengal,Siliguri,"Ward-32 Bapupara, Siliguri - WBPCB",21-12-2018 03:00,33,67,14
India,West_Bengal,Siliguri,"Ward-32 Bapupara, Siliguri - WBPCB",21-12-2018 03:00,33,65,7
